"Step","Feb13_10-59-31_PPO - Episode / Total timesteps (mean)","Feb13_10-59-31_PPO - Episode / Total timesteps (mean)__MIN","Feb13_10-59-31_PPO - Episode / Total timesteps (mean)__MAX"
"16","29","29","29"
"33","48.375","48.375","48.375"
"53","97.59996","97.59996","97.59996"
"65","127.36417","127.36417","127.36417"
"90","133.33186","133.33186","133.33186"
"102","107.95527","107.95527","107.95527"
"122","125.71172","125.71172","125.71172"
"147","126.21723","126.21723","126.21723"
"167","120.66372","120.66372","120.66372"
"179","127.20897","127.20897","127.20897"
"196","123.54672","123.54672","123.54672"
"216","130.2937","130.2937","130.2937"
"236","125.772026","125.772026","125.772026"
"261","114.309654","114.309654","114.309654"
"273","108.249504","108.249504","108.249504"
"293","122.4154","122.4154","122.4154"
"318","129.579","129.579","129.579"
"330","125.411354","125.411354","125.411354"
"350","152.68074","152.68074","152.68074"
"375","134.80312","134.80312","134.80312"
"395","137.96962","137.96962","137.96962"
"407","152.83272","152.83272","152.83272"
"424","153.29163","153.29163","153.29163"
"444","147.27055","147.27055","147.27055"
"472","151.41943","151.41943","151.41943"
"489","122.05969","122.05969","122.05969"
"501","167.17055","167.17055","167.17055"
"529","146.13092","146.13092","146.13092"
"538","164.02817","164.02817","164.02817"
"558","132.39871","132.39871","132.39871"
"586","162.74565","162.74565","162.74565"
"603","151.00671","151.00671","151.00671"
"615","158.5106","158.5106","158.5106"
"635","124.292145","124.292145","124.292145"
"652","132.68915","132.68915","132.68915"
"680","145.09023","145.09023","145.09023"
"692","143.61719","143.61719","143.61719"
"717","137.3069","137.3069","137.3069"
"729","198.60934","198.60934","198.60934"
"749","151.03987","151.03987","151.03987"
"766","200.39146","200.39146","200.39146"
"794","114.41513","114.41513","114.41513"
"814","165.74129","165.74129","165.74129"
"823","167.38306","167.38306","167.38306"
"851","169.2942","169.2942","169.2942"
"863","129.15639","129.15639","129.15639"
"880","142.8731","142.8731","142.8731"
"908","142.21472","142.21472","142.21472"
"920","140.5391","140.5391","140.5391"
"937","158.31354","158.31354","158.31354"
"965","148.25829","148.25829","148.25829"
"977","152.01923","152.01923","152.01923"
"994","151.89299","151.89299","151.89299"
"1022","136.91241","136.91241","136.91241"
"1042","171.38625","171.38625","171.38625"
"1059","202.10735","202.10735","202.10735"
"1071","136.99194","136.99194","136.99194"
"1091","147.48727","147.48727","147.48727"
"1116","171.83514","171.83514","171.83514"
"1136","139.07942","139.07942","139.07942"
"1148","157.72014","157.72014","157.72014"
"1165","134.87589","134.87589","134.87589"
"1193","166.41705","166.41705","166.41705"
"1213","131.13052","131.13052","131.13052"
"1222","143.77298","143.77298","143.77298"
"1242","200.81825","200.81825","200.81825"
"1262","153.22937","153.22937","153.22937"
"1279","137.53596","137.53596","137.53596"
"1299","203.90738","203.90738","203.90738"
"1327","137.63136","137.63136","137.63136"
"1336","145.12213","145.12213","145.12213"
"1356","121.14328","121.14328","121.14328"
"1376","135.107","135.107","135.107"
"1393","133.6191","133.6191","133.6191"
"1413","120.311806","120.311806","120.311806"
"1433","133.87383","133.87383","133.87383"
"1450","136.51323","136.51323","136.51323"
"1478","179.06726","179.06726","179.06726"
"1498","123.26315","123.26315","123.26315"
"1507","123.93574","123.93574","123.93574"
"1535","136.25282","136.25282","136.25282"
"1547","146.15329","146.15329","146.15329"
"1564","139.12277","139.12277","139.12277"
"1584","122.31378","122.31378","122.31378"
"1604","130.48537","130.48537","130.48537"
"1621","140.16968","140.16968","140.16968"
"1649","134.39517","134.39517","134.39517"
"1661","124.10723","124.10723","124.10723"
"1678","120.28042","120.28042","120.28042"
"1698","125.1","125.1","125.1"
"1726","152.87708","152.87708","152.87708"
"1735","177.86368","177.86368","177.86368"
"1755","152.94708","152.94708","152.94708"
"1783","163.65593","163.65593","163.65593"
"1800","130.51088","130.51088","130.51088"
"1812","128.16344","128.16344","128.16344"
"1832","136.40482","136.40482","136.40482"
"1849","143.01486","143.01486","143.01486"
"1869","136.95055","136.95055","136.95055"
"1889","186.72249","186.72249","186.72249"
"1906","135.2231","135.2231","135.2231"
"1926","166.12038","166.12038","166.12038"
"1946","180.36763","180.36763","180.36763"
"1963","144.22693","144.22693","144.22693"
"1983","118.79878","118.79878","118.79878"
"2003","152.4308","152.4308","152.4308"
"2028","129.08905","129.08905","129.08905"
"2040","130.6005","130.6005","130.6005"
"2068","126.74033","126.74033","126.74033"
"2077","123.32232","123.32232","123.32232"
"2097","126.90033","126.90033","126.90033"
"2125","165.59766","165.59766","165.59766"
"2134","137.9604","137.9604","137.9604"
"2154","130.74033","130.74033","130.74033"
"2174","122.08031","122.08031","122.08031"
"2199","147.27118","147.27118","147.27118"
"2219","121.39031","121.39031","121.39031"
"2239","160.51534","160.51534","160.51534"
"2248","126.676735","126.676735","126.676735"
"2268","122.58228","122.58228","122.58228"
"2288","159.39308","159.39308","159.39308"
"2305","126.31687","126.31687","126.31687"
"2325","131.15298","131.15298","131.15298"
"2345","125.20997","125.20997","125.20997"
"2362","152.79778","152.79778","152.79778"
"2390","150.12537","150.12537","150.12537"
"2402","128.77383","128.77383","128.77383"
"2419","119.99339","119.99339","119.99339"
"2447","168.90651","168.90651","168.90651"
"2467","117.18827","117.18827","117.18827"
"2484","130.26909","130.26909","130.26909"
"2504","146.19795","146.19795","146.19795"
"2524","128.21309","128.21309","128.21309"
"2541","160.78252","160.78252","160.78252"
"2553","131.77173","131.77173","131.77173"
"2573","125.675865","125.675865","125.675865"
"2590","122.97393","122.97393","122.97393"
"2610","122.810356","122.810356","122.810356"
"2630","148.65378","148.65378","148.65378"
"2655","122.08523","122.08523","122.08523"
"2667","131.61508","131.61508","131.61508"
"2695","208.21738","208.21738","208.21738"
"2712","144.23396","144.23396","144.23396"
"2724","123.03012","123.03012","123.03012"
"2744","156.24792","156.24792","156.24792"
"2761","137.39742","137.39742","137.39742"
"2781","133.83354","133.83354","133.83354"
"2809","137.40234","137.40234","137.40234"
"2826","139.21152","139.21152","139.21152"
"2846","155.13503","155.13503","155.13503"
"2866","116.86222","116.86222","116.86222"
"2883","116.50657","116.50657","116.50657"
"2895","167.11447","167.11447","167.11447"
"2923","152.95839","152.95839","152.95839"
"2932","114.25925","114.25925","114.25925"
"2952","120.35967","120.35967","120.35967"
"2972","127.25161","127.25161","127.25161"
"2997","124.67859","124.67859","124.67859"
"3017","124.18185","124.18185","124.18185"
"3037","137.01128","137.01128","137.01128"
"3054","147.08691","147.08691","147.08691"
"3066","137.52556","137.52556","137.52556"
"3086","118.5448","118.5448","118.5448"
"3111","134.64093","134.64093","134.64093"
"3123","127.48148","127.48148","127.48148"
"3151","127.383995","127.383995","127.383995"
"3160","123.48185","123.48185","123.48185"
"3188","136.28174","136.28174","136.28174"
"3200","126.74041","126.74041","126.74041"
"3225","137.43196","137.43196","137.43196"
"3237","128.33499","128.33499","128.33499"
"3257","143.78915","143.78915","143.78915"
"3282","129.95909","129.95909","129.95909"
"3294","146.80153","146.80153","146.80153"
"3314","140.43597","140.43597","140.43597"
"3339","130.30438","130.30438","130.30438"
"3351","141.39877","141.39877","141.39877"
"3371","158.50735","158.50735","158.50735"
"3396","160.8845","160.8845","160.8845"
"3408","189.97931","189.97931","189.97931"
"3436","160.41125","160.41125","160.41125"
"3445","140.44788","140.44788","140.44788"
"3473","149.00778","149.00778","149.00778"
"3485","146.91571","146.91571","146.91571"
"3502","227.17575","227.17575","227.17575"
"3522","133.55788","133.55788","133.55788"
"3542","155.0615","155.0615","155.0615"
"3559","130.80411","130.80411","130.80411"
"3587","149.62506","149.62506","149.62506"
"3599","158.47461","158.47461","158.47461"
"3616","169.34023","169.34023","169.34023"
"3644","166.55399","166.55399","166.55399"
"3664","117.63763","117.63763","117.63763"
"3681","157.6033","157.6033","157.6033"
"3693","140.50427","140.50427","140.50427"
"3721","185.43329","185.43329","185.43329"
"3730","156.34749","156.34749","156.34749"
"3750","181.29329","181.29329","181.29329"
"3770","150.39157","150.39157","150.39157"
"3795","194.5824","194.5824","194.5824"
"3815","134.01837","134.01837","134.01837"
"3827","146.41379","146.41379","146.41379"
"3852","164.5035","164.5035","164.5035"
"3864","137.04076","137.04076","137.04076"
"3884","171.8761","171.8761","171.8761"
"3909","157.4825","157.4825","157.4825"
"3921","168.07408","168.07408","168.07408"
"3949","144.01024","144.01024","144.01024"
"3958","151.02983","151.02983","151.02983"
"3978","160.9194","160.9194","160.9194"
"4006","150.87779","150.87779","150.87779"
"4023","168.293","168.293","168.293"
"4035","137.54327","137.54327","137.54327"
"4063","156.31061","156.31061","156.31061"
"4080","143.94957","143.94957","143.94957"
"4100","140.20609","140.20609","140.20609"
"4112","124.730034","124.730034","124.730034"
"4129","159.51605","159.51605","159.51605"
"4157","126.89979","126.89979","126.89979"
"4177","134.7434","134.7434","134.7434"
"4186","149.23672","149.23672","149.23672"
"4214","147.61322","147.61322","147.61322"
"4234","128.60606","128.60606","128.60606"
"4243","133.78322","133.78322","133.78322"
"4271","129.84335","129.84335","129.84335"
"4291","122.60156","122.60156","122.60156"
"4300","151.39005","151.39005","151.39005"
"4328","121.78856","121.78856","121.78856"
"4340","203.7014","203.7014","203.7014"
"4357","170.86787","170.86787","170.86787"
"4377","134.20041","134.20041","134.20041"
"4405","132.90424","132.90424","132.90424"
"4414","122.69631","122.69631","122.69631"
"4442","120.83582","120.83582","120.83582"
"4462","143.69144","143.69144","143.69144"
"4479","126.82254","126.82254","126.82254"
"4491","138.39334","138.39334","138.39334"
"4511","136.92215","136.92215","136.92215"
"4536","134.79713","134.79713","134.79713"
"4548","151.1251","151.1251","151.1251"
"4576","125.48205","125.48205","125.48205"
"4585","148.40459","148.40459","148.40459"
"4613","140.41454","140.41454","140.41454"
"4633","146.60239","146.60239","146.60239"
"4642","129.4046","129.4046","129.4046"
"4662","144.42522","144.42522","144.42522"
"4682","134.77202","134.77202","134.77202"
"4707","125.85943","125.85943","125.85943"
"4719","145.35555","145.35555","145.35555"
"4747","121.97763","121.97763","121.97763"
"4764","143.33327","143.33327","143.33327"
"4776","133.78278","133.78278","133.78278"
"4796","125.72763","125.72763","125.72763"
"4813","123.76525","123.76525","123.76525"
"4841","124.59986","124.59986","124.59986"
"4861","162.42307","162.42307","162.42307"
"4870","142.28032","142.28032","142.28032"
"4890","127.423256","127.423256","127.423256"
"4918","124.27044","124.27044","124.27044"
"4935","152.00266","152.00266","152.00266"
"4955","125.07122","125.07122","125.07122"
"4967","147.72377","147.72377","147.72377"
"4992","139.75717","139.75717","139.75717"
"5004","137.62975","137.62975","137.62975"
"5024","157.82626","157.82626","157.82626"
"5049","200.65659","200.65659","200.65659"
"5069","147.90439","147.90439","147.90439"
"5081","129.36458","129.36458","129.36458"
"5106","126.62324","126.62324","126.62324"
"5118","126.614075","126.614075","126.614075"
"5138","138.26701","138.26701","138.26701"
"5155","133.50018","133.50018","133.50018"
"5183","145.06873","145.06873","145.06873"
"5195","139.43059","139.43059","139.43059"
"5212","125.47914","125.47914","125.47914"
"5232","129.35286","129.35286","129.35286"
"5252","152.40053","152.40053","152.40053"
"5269","141.22182","141.22182","141.22182"
"5297","138.96115","138.96115","138.96115"
"5317","139.86502","139.86502","139.86502"
"5326","152.28036","152.28036","152.28036"
"5346","127.83281","127.83281","127.83281"
"5366","156.83182","156.83182","156.83182"
"5383","151.71584","151.71584","151.71584"
"5403","132.49792","132.49792","132.49792"
"5423","141.59586","141.59586","141.59586"
"5440","139.41635","139.41635","139.41635"
"5460","161.41466","161.41466","161.41466"
"5488","175.24669","175.24669","175.24669"
"5505","132.19653","132.19653","132.19653"
"5525","123.960915","123.960915","123.960915"
"5537","132.44487","132.44487","132.44487"
"5562","131.1052","131.1052","131.1052"
"5582","136.22615","136.22615","136.22615"
"5594","131.19067","131.19067","131.19067"
"5611","140.73775","140.73775","140.73775"
"5631","137.9411","137.9411","137.9411"
"5651","140.31793","140.31793","140.31793"
"5676","134.14761","134.14761","134.14761"
"5696","139.17563","139.17563","139.17563"
"5716","122.31478","122.31478","122.31478"
"5725","127.1784","127.1784","127.1784"
"5745","127.80996","127.80996","127.80996"
"5773","132.5703","132.5703","132.5703"
"5782","138.76654","138.76654","138.76654"
"5802","140.4577","140.4577","140.4577"
"5830","142.66365","142.66365","142.66365"
"5847","128.34953","128.34953","128.34953"
"5859","133.50626","133.50626","133.50626"
"5879","130.7581","130.7581","130.7581"
"5904","122.341225","122.341225","122.341225"
"5916","116.46732","116.46732","116.46732"
"5944","141.97466","141.97466","141.97466"
"5961","127.80269","127.80269","127.80269"
"5981","180.52672","180.52672","180.52672"
"5993","126.702255","126.702255","126.702255"
"6010","123.236206","123.236206","123.236206"
"6038","135.4905","135.4905","135.4905"
"6050","159.28714","159.28714","159.28714"
"6067","129.15584","129.15584","129.15584"
"6087","118.855156","118.855156","118.855156"
"6115","121.14106","121.14106","121.14106"
"6124","121.34689","121.34689","121.34689"
"6144","126.539955","126.539955","126.539955"
"6164","143.34587","143.34587","143.34587"
"6189","126.21579","126.21579","126.21579"
"6201","120.63706","120.63706","120.63706"
"6221","124.71067","124.71067","124.71067"
"6238","126.07382","126.07382","126.07382"
"6266","133.27158","133.27158","133.27158"
"6278","146.44363","146.44363","146.44363"
"6303","146.53108","146.53108","146.53108"
"6323","123.09283","123.09283","123.09283"
"6335","129.8323","129.8323","129.8323"
"6360","147.15704","147.15704","147.15704"
"6372","116.53723","116.53723","116.53723"
"6400","131.06573","131.06573","131.06573"
"6417","128.40993","128.40993","128.40993"
"6437","130.775","130.775","130.775"
"6457","130.98541","130.98541","130.98541"
"6474","120.38078","120.38078","120.38078"
"6486","137.07178","137.07178","137.07178"
"6506","141.02278","141.02278","141.02278"
"6523","149.9155","149.9155","149.9155"
"6543","119.7492","119.7492","119.7492"
"6571","129.26181","129.26181","129.26181"
"6588","122.416916","122.416916","122.416916"
"6600","130.69034","130.69034","130.69034"
"6620","125.16646","125.16646","125.16646"
"6637","122.35447","122.35447","122.35447"
"6657","133.62888","133.62888","133.62888"
"6677","126.44317","126.44317","126.44317"
"6702","118.12791","118.12791","118.12791"
"6714","137.85287","137.85287","137.85287"
"6742","120.19392","120.19392","120.19392"
"6759","125.39031","125.39031","125.39031"
"6771","121.04271","121.04271","121.04271"
"6791","131.73149","131.73149","131.73149"
"6816","117.59568","117.59568","117.59568"
"6828","120.10747","120.10747","120.10747"
"6848","116.39733","116.39733","116.39733"
"6865","111.2429","111.2429","111.2429"
"6885","126.14453","126.14453","126.14453"
"6905","122.01631","122.01631","122.01631"
"6930","117.621544","117.621544","117.621544"
"6950","117.57407","117.57407","117.57407"
"6962","133.6848","133.6848","133.6848"
"6979","116.23124","116.23124","116.23124"
"6999","118.37272","118.37272","118.37272"
"7019","108.41358","108.41358","108.41358"
"7036","123.70991","123.70991","123.70991"
"7056","128.50655","128.50655","128.50655"
"7076","147.50206","147.50206","147.50206"
"7093","128.24574","128.24574","128.24574"
"7113","143.78888","143.78888","143.78888"
"7133","115.70297","115.70297","115.70297"
"7150","124.24517","124.24517","124.24517"
"7170","143.40689","143.40689","143.40689"
"7198","117.77501","117.77501","117.77501"
"7207","131.04086","131.04086","131.04086"
"7227","120.46488","120.46488","120.46488"
"7255","170.60164","170.60164","170.60164"
"7272","124.06975","124.06975","124.06975"
"7284","123.25551","123.25551","123.25551"
"7304","121.23444","121.23444","121.23444"
"7321","133.04765","133.04765","133.04765"
"7341","123.72751","123.72751","123.72751"
"7361","120.041306","120.041306","120.041306"
"7378","125.68058","125.68058","125.68058"
"7398","126.18534","126.18534","126.18534"
"7418","126.95619","126.95619","126.95619"
"7435","122.26426","122.26426","122.26426"
"7463","133.97733","133.97733","133.97733"
"7483","123.81835","123.81835","123.81835"
"7492","128.57085","128.57085","128.57085"
"7512","130.01088","130.01088","130.01088"
"7532","123.93752","123.93752","123.93752"
"7549","134.28195","134.28195","134.28195"
"7577","115.5083","115.5083","115.5083"
"7597","118.87811","118.87811","118.87811"
"7606","115.2661","115.2661","115.2661"
"7626","117.44005","117.44005","117.44005"
"7646","135.00096","135.00096","135.00096"
"7663","127.99279","127.99279","127.99279"
"7691","119.815254","119.815254","119.815254"
"7703","112.4661","112.4661","112.4661"
"7720","117.40236","117.40236","117.40236"
"7740","115.61541","115.61541","115.61541"
"7760","124.47319","124.47319","124.47319"
"7777","117.702805","117.702805","117.702805"
"7797","115.22402","115.22402","115.22402"
"7817","121.26497","121.26497","121.26497"
"7834","116.01677","116.01677","116.01677"
"7854","121.09522","121.09522","121.09522"
"7874","117.50887","117.50887","117.50887"
"7891","130.35611","130.35611","130.35611"
"7911","121.682","121.682","121.682"
"7931","127.362305","127.362305","127.362305"
"7948","147.10025","147.10025","147.10025"
"7976","128.06078","128.06078","128.06078"
"7988","113.28688","113.28688","113.28688"
"8013","118.35725","118.35725","118.35725"
"8025","123.962524","123.962524","123.962524"
"8053","128.13913","128.13913","128.13913"
"8062","124.35351","124.35351","124.35351"
"8082","127.2224","127.2224","127.2224"
"8102","137.32396","137.32396","137.32396"
"8127","125.40239","125.40239","125.40239"
"8139","122.492714","122.492714","122.492714"
"8159","129.39555","129.39555","129.39555"
"8176","126.85756","126.85756","126.85756"
"8196","130.75243","130.75243","130.75243"
"8216","123.56073","123.56073","123.56073"
"8233","126.11623","126.11623","126.11623"
"8261","118.92965","118.92965","118.92965"
"8281","127.712524","127.712524","127.712524"
"8290","136.98466","136.98466","136.98466"
"8310","109.53683","109.53683","109.53683"
"8330","131.13795","131.13795","131.13795"
"8355","134.2497","134.2497","134.2497"
"8375","121.51354","121.51354","121.51354"
"8387","136.3498","136.3498","136.3498"
"8404","124.7512","124.7512","124.7512"
"8424","137.89005","137.89005","137.89005"
"8452","135.1242","135.1242","135.1242"
"8461","128.68033","128.68033","128.68033"
"8489","138.20384","138.20384","138.20384"
"8501","162.82544","162.82544","162.82544"
"8526","125.12035","125.12035","125.12035"
"8538","142.49821","142.49821","142.49821"
"8558","134.2578","134.2578","134.2578"
"8575","122.39504","122.39504","122.39504"
"8603","130.79906","130.79906","130.79906"
"8615","138.93208","138.93208","138.93208"
"8632","127.11016","127.11016","127.11016"
"8660","112.91114","112.91114","112.91114"
"8680","126.78334","126.78334","126.78334"
"8689","162.9514","162.9514","162.9514"
"8709","139.67123","139.67123","139.67123"
"8729","145.91423","145.91423","145.91423"
"8746","122.215576","122.215576","122.215576"
"8774","130.57697","130.57697","130.57697"
"8786","147.62227","147.62227","147.62227"
"8803","122.06175","122.06175","122.06175"
"8823","120.91289","120.91289","120.91289"
"8843","114.38922","114.38922","114.38922"
"8868","135.75447","135.75447","135.75447"
"8880","124.70631","124.70631","124.70631"
"8900","128.91867","128.91867","128.91867"
"8917","115.27935","115.27935","115.27935"
"8945","123.296684","123.296684","123.296684"
"8957","123.02853","123.02853","123.02853"
"8974","122.67222","122.67222","122.67222"
"8994","145.32571","145.32571","145.32571"
"9022","116.5104","116.5104","116.5104"
"9031","143.80219","143.80219","143.80219"
"9059","128.84125","128.84125","128.84125"
"9071","122.85943","122.85943","122.85943"
"9088","120.950294","120.950294","120.950294"
"9108","112.664314","112.664314","112.664314"
"9128","130.48296","130.48296","130.48296"
"9145","131.36061","131.36061","131.36061"
"9173","144.61021","144.61021","144.61021"
"9193","113.79858","113.79858","113.79858"
"9202","121.81867","121.81867","121.81867"
"9230","121.357025","121.357025","121.357025"
"9242","120.40171","120.40171","120.40171"
"9267","111.74043","111.74043","111.74043"
"9279","114.311646","114.311646","114.311646"
"9299","120.02055","120.02055","120.02055"
"9316","128.57896","128.57896","128.57896"
"9336","133.46861","133.46861","133.46861"
"9356","136.95631","136.95631","136.95631"
"9373","150.00328","150.00328","150.00328"
"9401","120.477776","120.477776","120.477776"
"9413","129.28445","129.28445","129.28445"
"9438","157.91559","157.91559","157.91559"
"9450","106.33788","106.33788","106.33788"
"9470","111.231544","111.231544","111.231544"
"9487","118.13333","118.13333","118.13333"
"9507","109.190056","109.190056","109.190056"
"9527","124.53038","124.53038","124.53038"
"9544","146.05118","146.05118","146.05118"
"9572","118.7107","118.7107","118.7107"
"9592","124.26999","124.26999","124.26999"
"9601","128.58342","128.58342","128.58342"
"9629","125.08093","125.08093","125.08093"
"9649","111.42134","111.42134","111.42134"
"9658","143.19818","143.19818","143.19818"
"9678","110.77064","110.77064","110.77064"
"9706","134.27211","134.27211","134.27211"
"9715","118.42648","118.42648","118.42648"
"9735","141.84857","141.84857","141.84857"
"9763","126.48393","126.48393","126.48393"
"9772","137.25659","137.25659","137.25659"
"9800","115.140816","115.140816","115.140816"
"9820","117.9255","117.9255","117.9255"
"9829","126.150566","126.150566","126.150566"
"9849","131.40721","131.40721","131.40721"
"9869","134.80836","134.80836","134.80836"
"9894","123.02774","123.02774","123.02774"
"9914","129.62482","129.62482","129.62482"
"9926","143.94545","143.94545","143.94545"
"9943","132.18008","132.18008","132.18008"
"9963","142.90395","142.90395","142.90395"
"9991","140.38441","140.38441","140.38441"
"10008","124.16052","124.16052","124.16052"
"10020","131.66805","131.66805","131.66805"
"10048","136.11401","136.11401","136.11401"
"10065","121.61679","121.61679","121.61679"
"10077","122.287865","122.287865","122.287865"
"10105","135.63118","135.63118","135.63118"
"10114","120.68069","120.68069","120.68069"
"10142","130.32991","130.32991","130.32991"
"10162","112.15588","112.15588","112.15588"
"10179","138.51944","138.51944","138.51944"
"10191","124.7224","124.7224","124.7224"
"10211","138.96355","138.96355","138.96355"
"10228","123.89459","123.89459","123.89459"
"10248","132.33588","132.33588","132.33588"
"10268","112.81223","112.81223","112.81223"
"10285","112.027405","112.027405","112.027405"
"10305","132.50081","132.50081","132.50081"
"10325","121.64953","121.64953","121.64953"
"10342","138.68466","138.68466","138.68466"
"10362","114.66021","114.66021","114.66021"
"10382","118.006134","118.006134","118.006134"
"10399","121.57316","121.57316","121.57316"
"10419","131.436","131.436","131.436"
"10439","122.543465","122.543465","122.543465"
"10456","127.840004","127.840004","127.840004"
"10484","115.025314","115.025314","115.025314"
"10496","119.83659","119.83659","119.83659"
"10513","111.42979","111.42979","111.42979"
"10541","118.3014","118.3014","118.3014"
"10553","108.884445","108.884445","108.884445"
"10570","131.06331","131.06331","131.06331"
"10590","117.221664","117.221664","117.221664"
"10610","119.43027","119.43027","119.43027"
"10635","115.52714","115.52714","115.52714"
"10647","129.45512","129.45512","129.45512"
"10675","114.44172","114.44172","114.44172"
"10692","147.17143","147.17143","147.17143"
"10704","121.30505","121.30505","121.30505"
"10732","144.33989","144.33989","144.33989"
"10741","139.26938","139.26938","139.26938"
"10769","129.11838","129.11838","129.11838"
"10789","127.32954","127.32954","127.32954"
"10798","138.46619","138.46619","138.46619"
"10818","128.49272","128.49272","128.49272"
"10846","105.09091","105.09091","105.09091"
"10855","125.73226","125.73226","125.73226"
"10875","124.92399","124.92399","124.92399"
"10903","134.36093","134.36093","134.36093"
"10912","121.524","121.524","121.524"
"10940","119.95451","119.95451","119.95451"
"10952","104.04869","104.04869","104.04869"
"10969","123.95576","123.95576","123.95576"
"10997","127.75757","127.75757","127.75757"
"11017","113.108284","113.108284","113.108284"
"11026","132.43001","132.43001","132.43001"
"11046","135.36472","135.36472","135.36472"
"11074","156.89746","156.89746","156.89746"
"11083","134.49635","134.49635","134.49635"
"11111","130.41183","130.41183","130.41183"
"11131","196.37753","196.37753","196.37753"
"11140","119.94059","119.94059","119.94059"
"11160","111.01382","111.01382","111.01382"
"11188","135.74278","135.74278","135.74278"
"11197","118.66127","118.66127","118.66127"
"11217","110.570854","110.570854","110.570854"
"11237","148.31752","148.31752","148.31752"
"11262","129.19197","129.19197","129.19197"
"11282","124.76725","124.76725","124.76725"
"11294","128.51704","128.51704","128.51704"
"11311","121.816536","121.816536","121.816536"
"11331","132.42973","132.42973","132.42973"
"11351","122.756935","122.756935","122.756935"
"11368","118.4077","118.4077","118.4077"
"11388","156.22473","156.22473","156.22473"
"11408","120.447945","120.447945","120.447945"
"11425","125.5369","125.5369","125.5369"
"11445","129.18372","129.18372","129.18372"
"11473","138.1367","138.1367","138.1367"
"11482","153.03177","153.03177","153.03177"
"11510","165.55066","165.55066","165.55066"
"11530","120.75567","120.75567","120.75567"
"11539","144.59651","144.59651","144.59651"
"11559","134.17459","134.17459","134.17459"
"11579","162.74724","162.74724","162.74724"
"11596","154.97469","154.97469","154.97469"
"11624","131.16821","131.16821","131.16821"
"11636","119.15371","119.15371","119.15371"
"11661","157.3762","157.3762","157.3762"
"11681","158.4972","158.4972","158.4972"
"11693","122.05435","122.05435","122.05435"
"11718","149.53487","149.53487","149.53487"
"11730","163.28331","163.28331","163.28331"
"11750","119.62337","119.62337","119.62337"
"11767","159.67778","159.67778","159.67778"
"11795","129.7991","129.7991","129.7991"
"11807","153.8094","153.8094","153.8094"
"11824","121.76615","121.76615","121.76615"
"11852","120.999176","120.999176","120.999176"
"11872","113.340096","113.340096","113.340096"
"11881","133.10197","133.10197","133.10197"
"11909","179.02205","179.02205","179.02205"
"11921","126.66451","126.66451","126.66451"
"11938","152.25526","152.25526","152.25526"
"11966","131.06767","131.06767","131.06767"
"11978","148.80228","148.80228","148.80228"
"11995","157.67865","157.67865","157.67865"
"12015","195.69098","195.69098","195.69098"
"12035","122.33544","122.33544","122.33544"
"12052","155.39732","155.39732","155.39732"
"12072","115.52174","115.52174","115.52174"
"12100","137.74776","137.74776","137.74776"
"12109","140.28134","140.28134","140.28134"
"12129","134.75615","134.75615","134.75615"
"12149","153.6301","153.6301","153.6301"
"12166","176.04115","176.04115","176.04115"
"12186","144.55142","144.55142","144.55142"
"12206","186.52432","186.52432","186.52432"
"12223","150.5498","150.5498","150.5498"
"12251","208.3187","208.3187","208.3187"
"12263","121.40115","121.40115","121.40115"
"12288","127.29962","127.29962","127.29962"
"12300","131.75716","131.75716","131.75716"
"12328","158.53911","158.53911","158.53911"
"12345","164.39546","164.39546","164.39546"
"12357","155.8915","155.8915","155.8915"
"12385","116.47286","116.47286","116.47286"
"12394","159.88235","159.88235","159.88235"
"12414","139.3005","139.3005","139.3005"
"12442","126.4011","126.4011","126.4011"
"12459","143.44798","143.44798","143.44798"
"12471","156.40724","156.40724","156.40724"
"12491","173.01956","173.01956","173.01956"
"12508","118.77838","118.77838","118.77838"
"12528","113.51888","113.51888","113.51888"
"12548","130.3642","130.3642","130.3642"
"12573","186.3895","186.3895","186.3895"
"12593","123.59804","123.59804","123.59804"
"12605","119.36933","119.36933","119.36933"
"12622","121.48384","121.48384","121.48384"
"12642","129.37083","129.37083","129.37083"
"12662","132.66283","132.66283","132.66283"
"12687","128.57764","128.57764","128.57764"
"12707","119.98731","119.98731","119.98731"
"12727","123.05273","123.05273","123.05273"
"12744","122.41729","122.41729","122.41729"
"12756","132.07011","132.07011","132.07011"
"12776","148.78445","148.78445","148.78445"
"12801","130.27667","130.27667","130.27667"
"12813","153.18645","153.18645","153.18645"
"12841","121.00398","121.00398","121.00398"
"12850","189.81966","189.81966","189.81966"
"12870","117.94229","117.94229","117.94229"
"12890","110.68741","110.68741","110.68741"
"12915","129.40277","129.40277","129.40277"
"12927","148.00957","148.00957","148.00957"
"12955","121.9361","121.9361","121.9361"
"12964","166.9911","166.9911","166.9911"
"12984","128.29709","128.29709","128.29709"
"13012","152.13185","152.13185","152.13185"
"13021","155.81259","155.81259","155.81259"
"13041","160.51398","160.51398","160.51398"
"13061","122.22235","122.22235","122.22235"
"13078","120.447754","120.447754","120.447754"
"13106","136.49414","136.49414","136.49414"
"13126","169.454","169.454","169.454"
"13143","111.95053","111.95053","111.95053"
"13163","124.44536","124.44536","124.44536"
"13183","125.56197","125.56197","125.56197"
"13192","150.81447","150.81447","150.81447"
"13220","123.62959","123.62959","123.62959"
"13240","146.64177","146.64177","146.64177"
"13257","163.203","163.203","163.203"
"13269","133.92332","133.92332","133.92332"
"13297","119.32497","119.32497","119.32497"
"13306","120.3465","120.3465","120.3465"
"13326","127.53705","127.53705","127.53705"
"13354","128.25269","128.25269","128.25269"
"13363","128.50404","128.50404","128.50404"
"13383","158.53685","158.53685","158.53685"
"13403","136.80527","136.80527","136.80527"
"13420","130.92213","130.92213","130.92213"
"13440","132.24788","132.24788","132.24788"
"13460","122.724205","122.724205","122.724205"
"13485","128.09186","128.09186","128.09186"
"13497","132.57327","132.57327","132.57327"
"13525","142.15962","142.15962","142.15962"
"13534","124.485374","124.485374","124.485374"
"13554","123.4908","123.4908","123.4908"
"13582","126.36165","126.36165","126.36165"
"13599","135.60887","135.60887","135.60887"
"13611","123.93486","123.93486","123.93486"
"13631","134.36795","134.36795","134.36795"
"13656","128.809","128.809","128.809"
"13668","125.53802","125.53802","125.53802"
"13688","125.9746","125.9746","125.9746"
"13705","133.6739","133.6739","133.6739"
"13725","125.27282","125.27282","125.27282"
"13753","121.55117","121.55117","121.55117"
"13770","131.37292","131.37292","131.37292"
"13790","165.32544","165.32544","165.32544"
"13802","130.92581","130.92581","130.92581"
"13819","122.91737","122.91737","122.91737"
"13839","147.41624","147.41624","147.41624"
"13859","103.01683","103.01683","103.01683"
"13876","142.11348","142.11348","142.11348"
"13904","139.99431","139.99431","139.99431"
"13916","130.89745","130.89745","130.89745"
"13933","124.34069","124.34069","124.34069"
"13953","126.81683","126.81683","126.81683"
"13973","126.632454","126.632454","126.632454"
"13990","143.49362","143.49362","143.49362"
"14010","127.84404","127.84404","127.84404"
"14030","160.83168","160.83168","160.83168"
"14047","138.93073","138.93073","138.93073"
"14067","200.80922","200.80922","200.80922"
"14087","157.1028","157.1028","157.1028"
"14104","144.0374","144.0374","144.0374"
"14132","145.50021","145.50021","145.50021"
"14144","175.59755","175.59755","175.59755"
"14161","177.50258","177.50258","177.50258"
"14181","134.54216","134.54216","134.54216"
"14209","130.68123","130.68123","130.68123"
"14226","147.04575","147.04575","147.04575"
"14238","113.91442","113.91442","113.91442"
"14258","122.36397","122.36397","122.36397"
"14275","156.55392","156.55392","156.55392"
"14295","119.5363","119.5363","119.5363"
"14315","139.14354","139.14354","139.14354"
"14332","205.8601","205.8601","205.8601"
"14360","115.80613","115.80613","115.80613"
"14380","158.75972","158.75972","158.75972"
"14389","118.162","118.162","118.162"
"14409","130.39336","130.39336","130.39336"
"14429","223.28294","223.28294","223.28294"
"14454","233.31764","233.31764","233.31764"
"14466","118.15633","118.15633","118.15633"
"14494","212.4496","212.4496","212.4496"
"14503","141.30356","141.30356","141.30356"
"14523","121.15207","121.15207","121.15207"
"14551","136.81339","136.81339","136.81339"
"14560","131.64084","131.64084","131.64084"
"14580","153.8898","153.8898","153.8898"
"14600","163.9016","163.9016","163.9016"