"Step","Feb12_23-20-55_PPO - Reward / Total reward (mean)","Feb12_23-20-55_PPO - Reward / Total reward (mean)__MIN","Feb12_23-20-55_PPO - Reward / Total reward (mean)__MAX"
"13","-0.6025675","-0.6025675","-0.6025675"
"33","-0.60290843","-0.60290843","-0.60290843"
"50","1.7939829","1.7939829","1.7939829"
"62","1.7160316","1.7160316","1.7160316"
"79","1.528198","1.528198","1.528198"
"107","1.6739656","1.6739656","1.6739656"
"119","1.6324804","1.6324804","1.6324804"
"144","1.444821","1.444821","1.444821"
"156","1.337457","1.337457","1.337457"
"176","1.7189987","1.7189987","1.7189987"
"193","1.6462182","1.6462182","1.6462182"
"213","1.5612282","1.5612282","1.5612282"
"233","1.6319494","1.6319494","1.6319494"
"258","1.6766373","1.6766373","1.6766373"
"270","1.6673251","1.6673251","1.6673251"
"298","1.6717901","1.6717901","1.6717901"
"315","1.3693043","1.3693043","1.3693043"
"327","1.6541164","1.6541164","1.6541164"
"347","1.6888158","1.6888158","1.6888158"
"372","1.7152994","1.7152994","1.7152994"
"392","1.6072165","1.6072165","1.6072165"
"404","1.6984973","1.6984973","1.6984973"
"421","1.7088017","1.7088017","1.7088017"
"441","1.6691496","1.6691496","1.6691496"
"469","1.5115806","1.5115806","1.5115806"
"478","1.5921246","1.5921246","1.5921246"
"498","1.5531921","1.5531921","1.5531921"
"526","1.5077435","1.5077435","1.5077435"
"543","1.6817589","1.6817589","1.6817589"
"563","1.6714411","1.6714411","1.6714411"
"575","1.2856385","1.2856385","1.2856385"
"600","1.634251","1.634251","1.634251"
"620","1.7101796","1.7101796","1.7101796"
"640","1.6872808","1.6872808","1.6872808"
"657","1.5622963","1.5622963","1.5622963"
"677","1.5082318","1.5082318","1.5082318"
"697","1.6879743","1.6879743","1.6879743"
"706","1.451689","1.451689","1.451689"
"734","1.6977402","1.6977402","1.6977402"
"746","1.6759701","1.6759701","1.6759701"
"771","1.6573123","1.6573123","1.6573123"
"783","1.4775373","1.4775373","1.4775373"
"803","1.4782457","1.4782457","1.4782457"
"828","1.4618205","1.4618205","1.4618205"
"840","1.5332918","1.5332918","1.5332918"
"868","1.5931975","1.5931975","1.5931975"
"877","1.4449478","1.4449478","1.4449478"
"905","1.6783261","1.6783261","1.6783261"
"925","1.4159634","1.4159634","1.4159634"
"934","1.7017746","1.7017746","1.7017746"
"962","1.5431399","1.5431399","1.5431399"
"974","1.6568836","1.6568836","1.6568836"
"991","1.5458585","1.5458585","1.5458585"
"1011","1.5262134","1.5262134","1.5262134"
"1031","1.5459704","1.5459704","1.5459704"
"1048","1.6016357","1.6016357","1.6016357"
"1068","1.6299745","1.6299745","1.6299745"
"1096","1.5160693","1.5160693","1.5160693"
"1105","1.5966598","1.5966598","1.5966598"
"1125","1.7251289","1.7251289","1.7251289"
"1145","1.4114684","1.4114684","1.4114684"
"1170","1.3894148","1.3894148","1.3894148"
"1190","1.6646816","1.6646816","1.6646816"
"1202","1.6842234","1.6842234","1.6842234"
"1219","1.5454761","1.5454761","1.5454761"
"1247","1.6655039","1.6655039","1.6655039"
"1259","1.6885213","1.6885213","1.6885213"
"1284","1.6186934","1.6186934","1.6186934"
"1304","1.6358837","1.6358837","1.6358837"
"1324","1.5603873","1.5603873","1.5603873"
"1333","1.5957693","1.5957693","1.5957693"
"1353","1.5481987","1.5481987","1.5481987"
"1373","1.621516","1.621516","1.621516"
"1398","1.4715116","1.4715116","1.4715116"
"1410","1.5962931","1.5962931","1.5962931"
"1430","1.4686952","1.4686952","1.4686952"
"1455","1.5282388","1.5282388","1.5282388"
"1475","1.6517844","1.6517844","1.6517844"
"1487","1.6344857","1.6344857","1.6344857"
"1504","1.407438","1.407438","1.407438"
"1532","1.6433192","1.6433192","1.6433192"
"1552","1.6904836","1.6904836","1.6904836"
"1561","1.6997595","1.6997595","1.6997595"
"1581","1.3200564","1.3200564","1.3200564"
"1601","1.6650552","1.6650552","1.6650552"
"1618","1.568054","1.568054","1.568054"
"1646","1.398382","1.398382","1.398382"
"1658","1.6753865","1.6753865","1.6753865"
"1675","1.5889456","1.5889456","1.5889456"
"1695","1.6593347","1.6593347","1.6593347"
"1715","1.289957","1.289957","1.289957"
"1732","1.5237004","1.5237004","1.5237004"
"1752","1.6408153","1.6408153","1.6408153"
"1780","1.482667","1.482667","1.482667"
"1789","1.4460287","1.4460287","1.4460287"
"1809","1.5570893","1.5570893","1.5570893"
"1829","1.5684938","1.5684938","1.5684938"
"1854","1.5681266","1.5681266","1.5681266"
"1866","1.1413245","1.1413245","1.1413245"
"1894","1.6765172","1.6765172","1.6765172"
"1911","1.4770995","1.4770995","1.4770995"
"1923","1.4246792","1.4246792","1.4246792"
"1943","1.4303968","1.4303968","1.4303968"
"1960","1.6086178","1.6086178","1.6086178"
"1980","1.6595864","1.6595864","1.6595864"
"2000","1.6646572","1.6646572","1.6646572"
"2025","1.5114518","1.5114518","1.5114518"
"2037","1.6742183","1.6742183","1.6742183"
"2057","1.6437162","1.6437162","1.6437162"
"2074","1.3711939","1.3711939","1.3711939"
"2102","1.5736188","1.5736188","1.5736188"
"2122","1.6845675","1.6845675","1.6845675"
"2139","1.4336722","1.4336722","1.4336722"
"2159","1.6362165","1.6362165","1.6362165"
"2171","1.6089371","1.6089371","1.6089371"
"2188","1.3669941","1.3669941","1.3669941"
"2216","1.6611608","1.6611608","1.6611608"
"2228","1.5690553","1.5690553","1.5690553"
"2253","1.5654911","1.5654911","1.5654911"
"2273","1.6414268","1.6414268","1.6414268"
"2285","1.4855893","1.4855893","1.4855893"
"2302","1.6928973","1.6928973","1.6928973"
"2330","1.4028153","1.4028153","1.4028153"
"2350","1.3721884","1.3721884","1.3721884"
"2359","1.6835997","1.6835997","1.6835997"
"2379","1.3349383","1.3349383","1.3349383"
"2407","1.2798139","1.2798139","1.2798139"
"2416","1.6913295","1.6913295","1.6913295"
"2436","1.6614908","1.6614908","1.6614908"
"2456","1.7079033","1.7079033","1.7079033"
"2481","1.5394173","1.5394173","1.5394173"
"2493","1.7047968","1.7047968","1.7047968"
"2513","0.9530678","0.9530678","0.9530678"
"2538","1.54012","1.54012","1.54012"
"2558","1.5280874","1.5280874","1.5280874"
"2570","1.5874206","1.5874206","1.5874206"
"2587","1.4776437","1.4776437","1.4776437"
"2607","1.4790181","1.4790181","1.4790181"
"2635","1.6187024","1.6187024","1.6187024"
"2652","1.6431683","1.6431683","1.6431683"
"2664","1.4965436","1.4965436","1.4965436"
"2684","1.6165601","1.6165601","1.6165601"
"2701","1.7055494","1.7055494","1.7055494"
"2729","1.6955197","1.6955197","1.6955197"
"2749","1.7053952","1.7053952","1.7053952"
"2766","1.6618462","1.6618462","1.6618462"
"2778","1.650227","1.650227","1.650227"
"2798","1.5790801","1.5790801","1.5790801"
"2823","1.6352324","1.6352324","1.6352324"
"2835","1.652889","1.652889","1.652889"
"2863","1.4871835","1.4871835","1.4871835"
"2872","1.5584894","1.5584894","1.5584894"
"2892","1.7099861","1.7099861","1.7099861"
"2912","1.7149662","1.7149662","1.7149662"
"2929","1.5807409","1.5807409","1.5807409"
"2949","1.7023752","1.7023752","1.7023752"
"2977","1.7177167","1.7177167","1.7177167"
"2986","1.5177939","1.5177939","1.5177939"
"3006","1.6632174","1.6632174","1.6632174"
"3034","1.7127758","1.7127758","1.7127758"
"3051","1.5652739","1.5652739","1.5652739"
"3063","1.6452516","1.6452516","1.6452516"
"3091","1.5799961","1.5799961","1.5799961"
"3100","1.5616231","1.5616231","1.5616231"
"3120","1.7022094","1.7022094","1.7022094"
"3140","1.5826241","1.5826241","1.5826241"
"3157","1.6667225","1.6667225","1.6667225"
"3185","1.6360946","1.6360946","1.6360946"
"3197","1.5917947","1.5917947","1.5917947"
"3222","1.582443","1.582443","1.582443"
"3234","1.3806142","1.3806142","1.3806142"
"3254","1.6727442","1.6727442","1.6727442"
"3271","1.5937582","1.5937582","1.5937582"
"3291","1.6206917","1.6206917","1.6206917"
"3319","1.6077316","1.6077316","1.6077316"
"3328","1.7043139","1.7043139","1.7043139"
"3348","1.391859","1.391859","1.391859"
"3368","1.4251136","1.4251136","1.4251136"
"3385","1.5383008","1.5383008","1.5383008"
"3405","1.6647893","1.6647893","1.6647893"
"3425","1.5064192","1.5064192","1.5064192"
"3442","1.6857667","1.6857667","1.6857667"
"3462","1.1530418","1.1530418","1.1530418"
"3482","1.6398883","1.6398883","1.6398883"
"3507","1.5223919","1.5223919","1.5223919"
"3527","1.5984006","1.5984006","1.5984006"
"3539","1.5817603","1.5817603","1.5817603"
"3556","1.672998","1.672998","1.672998"
"3584","1.5510418","1.5510418","1.5510418"
"3596","1.4883727","1.4883727","1.4883727"
"3621","1.6057312","1.6057312","1.6057312"
"3633","1.5731993","1.5731993","1.5731993"
"3661","1.5746619","1.5746619","1.5746619"
"3670","1.4505874","1.4505874","1.4505874"
"3698","1.4769745","1.4769745","1.4769745"
"3710","1.4065375","1.4065375","1.4065375"
"3727","1.4211195","1.4211195","1.4211195"
"3755","1.6870924","1.6870924","1.6870924"
"3767","1.5612864","1.5612864","1.5612864"
"3792","1.6335943","1.6335943","1.6335943"
"3804","1.5689492","1.5689492","1.5689492"
"3832","1.6740481","1.6740481","1.6740481"
"3849","1.5597595","1.5597595","1.5597595"
"3861","1.524224","1.524224","1.524224"
"3881","1.5171646","1.5171646","1.5171646"
"3906","1.2999963","1.2999963","1.2999963"
"3918","1.6424999","1.6424999","1.6424999"
"3938","1.5264994","1.5264994","1.5264994"
"3955","1.60952","1.60952","1.60952"
"3975","1.4822929","1.4822929","1.4822929"
"4003","1.2399249","1.2399249","1.2399249"
"4012","1.3758509","1.3758509","1.3758509"
"4040","1.6077945","1.6077945","1.6077945"
"4052","1.6325269","1.6325269","1.6325269"
"4069","1.5546074","1.5546074","1.5546074"
"4097","1.5898066","1.5898066","1.5898066"
"4109","1.4740084","1.4740084","1.4740084"
"4126","1.526565","1.526565","1.526565"
"4146","1.5582262","1.5582262","1.5582262"
"4174","1.3388888","1.3388888","1.3388888"
"4183","1.6206146","1.6206146","1.6206146"
"4203","1.6716999","1.6716999","1.6716999"
"4223","1.6596323","1.6596323","1.6596323"
"4248","1.6869671","1.6869671","1.6869671"
"4260","1.6680665","1.6680665","1.6680665"
"4280","1.5166485","1.5166485","1.5166485"
"4297","1.6799663","1.6799663","1.6799663"
"4325","1.0463274","1.0463274","1.0463274"
"4337","1.6647214","1.6647214","1.6647214"
"4362","1.5687917","1.5687917","1.5687917"
"4374","1.632256","1.632256","1.632256"
"4394","1.6551751","1.6551751","1.6551751"
"4419","1.5105573","1.5105573","1.5105573"
"4431","1.705467","1.705467","1.705467"
"4451","1.4961593","1.4961593","1.4961593"
"4468","1.4529996","1.4529996","1.4529996"
"4488","1.6474707","1.6474707","1.6474707"
"4516","1.6759616","1.6759616","1.6759616"
"4533","1.515834","1.515834","1.515834"
"4545","1.4223452","1.4223452","1.4223452"
"4565","1.5476807","1.5476807","1.5476807"
"4582","1.6424005","1.6424005","1.6424005"
"4610","1.5886998","1.5886998","1.5886998"
"4622","1.5235614","1.5235614","1.5235614"
"4639","1.6769186","1.6769186","1.6769186"
"4659","1.5834695","1.5834695","1.5834695"
"4679","1.6640311","1.6640311","1.6640311"
"4704","1.6759732","1.6759732","1.6759732"
"4724","1.6946777","1.6946777","1.6946777"
"4736","1.603288","1.603288","1.603288"
"4753","1.6644624","1.6644624","1.6644624"
"4773","1.447492","1.447492","1.447492"
"4793","1.4459798","1.4459798","1.4459798"
"4818","1.6102821","1.6102821","1.6102821"
"4830","1.6124542","1.6124542","1.6124542"
"4858","1.6138158","1.6138158","1.6138158"
"4867","1.5950729","1.5950729","1.5950729"
"4887","1.7032602","1.7032602","1.7032602"
"4907","1.6507441","1.6507441","1.6507441"
"4924","1.4829881","1.4829881","1.4829881"
"4952","1.6373152","1.6373152","1.6373152"
"4972","1.6993989","1.6993989","1.6993989"
"4989","1.5842488","1.5842488","1.5842488"
"5001","1.6555437","1.6555437","1.6555437"
"5021","1.5955483","1.5955483","1.5955483"
"5046","1.6241411","1.6241411","1.6241411"
"5058","1.3844479","1.3844479","1.3844479"
"5078","1.7241204","1.7241204","1.7241204"
"5103","1.5592114","1.5592114","1.5592114"
"5123","1.637451","1.637451","1.637451"
"5135","1.7303352","1.7303352","1.7303352"
"5160","1.5731469","1.5731469","1.5731469"
"5172","1.3522893","1.3522893","1.3522893"
"5192","1.6719652","1.6719652","1.6719652"
"5217","1.6676174","1.6676174","1.6676174"
"5237","1.5534022","1.5534022","1.5534022"
"5249","1.5540984","1.5540984","1.5540984"
"5274","1.6843542","1.6843542","1.6843542"
"5294","1.5917788","1.5917788","1.5917788"
"5306","1.5900247","1.5900247","1.5900247"
"5323","1.7151963","1.7151963","1.7151963"
"5343","1.5410525","1.5410525","1.5410525"
"5371","1.5900869","1.5900869","1.5900869"
"5388","1.4779625","1.4779625","1.4779625"
"5408","1.5487218","1.5487218","1.5487218"
"5428","1.5794408","1.5794408","1.5794408"
"5445","1.6310464","1.6310464","1.6310464"
"5465","1.3418957","1.3418957","1.3418957"
"5477","1.660556","1.660556","1.660556"
"5502","1.5544411","1.5544411","1.5544411"
"5514","1.3433746","1.3433746","1.3433746"
"5534","1.3019934","1.3019934","1.3019934"
"5559","1.1807741","1.1807741","1.1807741"
"5571","1.6244231","1.6244231","1.6244231"
"5591","1.5745622","1.5745622","1.5745622"
"5608","1.6177878","1.6177878","1.6177878"
"5628","1.405874","1.405874","1.405874"
"5656","1.583149","1.583149","1.583149"
"5673","1.6893995","1.6893995","1.6893995"
"5685","1.574583","1.574583","1.574583"
"5713","1.5520188","1.5520188","1.5520188"
"5730","1.6610367","1.6610367","1.6610367"
"5742","1.6488698","1.6488698","1.6488698"
"5762","1.5218982","1.5218982","1.5218982"
"5779","1.6694614","1.6694614","1.6694614"
"5807","1.6646184","1.6646184","1.6646184"
"5819","1.6745232","1.6745232","1.6745232"
"5836","1.4180422","1.4180422","1.4180422"
"5856","1.6841825","1.6841825","1.6841825"
"5876","1.6347938","1.6347938","1.6347938"
"5901","1.6530519","1.6530519","1.6530519"
"5913","1.6423742","1.6423742","1.6423742"
"5941","1.4834136","1.4834136","1.4834136"
"5958","1.6110903","1.6110903","1.6110903"
"5970","1.642678","1.642678","1.642678"
"5990","1.6823678","1.6823678","1.6823678"
"6007","1.5789963","1.5789963","1.5789963"
"6027","1.6321611","1.6321611","1.6321611"
"6047","1.5379659","1.5379659","1.5379659"
"6072","1.6327897","1.6327897","1.6327897"
"6084","1.7194426","1.7194426","1.7194426"
"6112","1.6005006","1.6005006","1.6005006"
"6121","1.5931706","1.5931706","1.5931706"
"6149","1.6820748","1.6820748","1.6820748"
"6161","1.6694127","1.6694127","1.6694127"
"6178","1.6214837","1.6214837","1.6214837"
"6206","1.6214542","1.6214542","1.6214542"
"6226","1.6821219","1.6821219","1.6821219"
"6235","1.6875356","1.6875356","1.6875356"
"6255","1.648179","1.648179","1.648179"
"6283","1.6057136","1.6057136","1.6057136"
"6300","1.7066698","1.7066698","1.7066698"
"6312","1.3234218","1.3234218","1.3234218"
"6332","1.6119673","1.6119673","1.6119673"
"6357","1.662043","1.662043","1.662043"
"6369","1.6974442","1.6974442","1.6974442"
"6389","1.6596246","1.6596246","1.6596246"
"6406","1.6512339","1.6512339","1.6512339"
"6434","1.648102","1.648102","1.648102"
"6454","1.4998132","1.4998132","1.4998132"
"6463","1.6714636","1.6714636","1.6714636"
"6491","1.3049375","1.3049375","1.3049375"
"6511","1.2962842","1.2962842","1.2962842"
"6528","1.6422454","1.6422454","1.6422454"
"6548","1.6794468","1.6794468","1.6794468"
"6560","1.3788224","1.3788224","1.3788224"
"6577","1.5726194","1.5726194","1.5726194"
"6605","1.590058","1.590058","1.590058"
"6617","1.394055","1.394055","1.394055"
"6642","1.5407708","1.5407708","1.5407708"
"6662","1.6832668","1.6832668","1.6832668"
"6674","1.2557331","1.2557331","1.2557331"
"6699","1.4597921","1.4597921","1.4597921"
"6719","1.6156958","1.6156958","1.6156958"
"6739","1.6014977","1.6014977","1.6014977"
"6756","1.5913304","1.5913304","1.5913304"
"6776","1.6944727","1.6944727","1.6944727"
"6788","1.4115355","1.4115355","1.4115355"
"6813","1.5899985","1.5899985","1.5899985"
"6833","1.6777967","1.6777967","1.6777967"
"6853","1.5509617","1.5509617","1.5509617"
"6870","1.3288336","1.3288336","1.3288336"
"6882","1.6760858","1.6760858","1.6760858"
"6902","1.4287593","1.4287593","1.4287593"
"6919","1.5774873","1.5774873","1.5774873"
"6947","1.3524644","1.3524644","1.3524644"
"6959","1.7298312","1.7298312","1.7298312"
"6976","1.4071182","1.4071182","1.4071182"
"7004","1.5514649","1.5514649","1.5514649"
"7024","1.6069142","1.6069142","1.6069142"
"7033","1.6401358","1.6401358","1.6401358"
"7053","1.5664244","1.5664244","1.5664244"
"7073","1.6412038","1.6412038","1.6412038"
"7090","1.6886524","1.6886524","1.6886524"
"7110","1.6739099","1.6739099","1.6739099"
"7138","1.5491397","1.5491397","1.5491397"
"7155","1.2013614","1.2013614","1.2013614"
"7175","1.3025107","1.3025107","1.3025107"
"7187","1.6032878","1.6032878","1.6032878"
"7212","1.4360043","1.4360043","1.4360043"
"7224","1.5101761","1.5101761","1.5101761"
"7244","1.6236315","1.6236315","1.6236315"
"7261","1.5868663","1.5868663","1.5868663"
"7281","1.3362691","1.3362691","1.3362691"
"7301","1.6546818","1.6546818","1.6546818"
"7318","1.6760148","1.6760148","1.6760148"
"7338","1.5769871","1.5769871","1.5769871"
"7358","1.5922724","1.5922724","1.5922724"
"7383","1.6590415","1.6590415","1.6590415"
"7395","1.6389717","1.6389717","1.6389717"
"7423","1.6665146","1.6665146","1.6665146"
"7432","1.6568724","1.6568724","1.6568724"
"7460","1.582116","1.582116","1.582116"
"7472","1.6225302","1.6225302","1.6225302"
"7497","1.6783463","1.6783463","1.6783463"
"7517","1.4932657","1.4932657","1.4932657"
"7529","1.6650574","1.6650574","1.6650574"
"7554","1.5765184","1.5765184","1.5765184"
"7574","1.6582497","1.6582497","1.6582497"
"7594","1.4781014","1.4781014","1.4781014"
"7603","1.4609956","1.4609956","1.4609956"
"7623","1.5246934","1.5246934","1.5246934"
"7651","1.6533687","1.6533687","1.6533687"
"7660","1.6715518","1.6715518","1.6715518"
"7688","1.6032004","1.6032004","1.6032004"
"7708","1.5288818","1.5288818","1.5288818"
"7717","1.6684904","1.6684904","1.6684904"
"7745","1.5277764","1.5277764","1.5277764"
"7757","1.4534776","1.4534776","1.4534776"
"7774","1.600311","1.600311","1.600311"
"7802","1.3746543","1.3746543","1.3746543"
"7822","1.6610132","1.6610132","1.6610132"
"7839","1.6397246","1.6397246","1.6397246"
"7859","1.6790462","1.6790462","1.6790462"
"7879","1.4426596","1.4426596","1.4426596"
"7896","1.6673087","1.6673087","1.6673087"
"7916","1.5431461","1.5431461","1.5431461"
"7928","1.5686998","1.5686998","1.5686998"
"7945","1.5449457","1.5449457","1.5449457"
"7965","1.4370025","1.4370025","1.4370025"
"7985","1.6466585","1.6466585","1.6466585"
"8010","1.6186019","1.6186019","1.6186019"
"8030","1.6007583","1.6007583","1.6007583"
"8050","1.2531754","1.2531754","1.2531754"
"8059","1.4922135","1.4922135","1.4922135"
"8087","1.5456704","1.5456704","1.5456704"
"8107","1.6877735","1.6877735","1.6877735"
"8124","1.4641836","1.4641836","1.4641836"
"8136","1.6553164","1.6553164","1.6553164"
"8156","1.5103202","1.5103202","1.5103202"
"8181","1.600025","1.600025","1.600025"
"8201","1.3929385","1.3929385","1.3929385"
"8221","1.6372287","1.6372287","1.6372287"
"8230","1.5980444","1.5980444","1.5980444"
"8258","1.5389415","1.5389415","1.5389415"
"8270","1.3031378","1.3031378","1.3031378"
"8295","1.6787828","1.6787828","1.6787828"
"8315","1.6218656","1.6218656","1.6218656"
"8327","1.6139196","1.6139196","1.6139196"
"8344","1.6382402","1.6382402","1.6382402"
"8372","1.6860708","1.6860708","1.6860708"
"8384","1.5861075","1.5861075","1.5861075"
"8409","1.6428658","1.6428658","1.6428658"
"8421","1.6770271","1.6770271","1.6770271"
"8449","1.6950173","1.6950173","1.6950173"
"8458","1.3962548","1.3962548","1.3962548"
"8478","1.7012519","1.7012519","1.7012519"
"8498","1.4799855","1.4799855","1.4799855"
"8523","1.4956613","1.4956613","1.4956613"
"8543","1.6151977","1.6151977","1.6151977"
"8555","1.6887528","1.6887528","1.6887528"
"8572","1.5500141","1.5500141","1.5500141"
"8592","1.5458877","1.5458877","1.5458877"
"8620","1.3168395","1.3168395","1.3168395"
"8637","1.5757263","1.5757263","1.5757263"
"8649","1.6268387","1.6268387","1.6268387"
"8669","1.6365318","1.6365318","1.6365318"
"8694","1.388805","1.388805","1.388805"
"8714","1.6001688","1.6001688","1.6001688"
"8726","1.4607652","1.4607652","1.4607652"
"8751","1.6789845","1.6789845","1.6789845"
"8763","1.6119207","1.6119207","1.6119207"
"8783","1.4309868","1.4309868","1.4309868"
"8808","1.5538445","1.5538445","1.5538445"
"8820","1.3887081","1.3887081","1.3887081"
"8840","1.6868373","1.6868373","1.6868373"
"8857","1.4566511","1.4566511","1.4566511"
"8885","1.5183723","1.5183723","1.5183723"
"8905","1.6002549","1.6002549","1.6002549"
"8914","1.6486475","1.6486475","1.6486475"
"8934","1.675238","1.675238","1.675238"
"8954","1.4918542","1.4918542","1.4918542"
"8979","1.7105151","1.7105151","1.7105151"
"8991","1.5233425","1.5233425","1.5233425"
"9011","1.6490177","1.6490177","1.6490177"
"9036","1.5301046","1.5301046","1.5301046"
"9048","1.6200615","1.6200615","1.6200615"
"9076","1.2182506","1.2182506","1.2182506"
"9093","1.5497758","1.5497758","1.5497758"
"9113","1.6789814","1.6789814","1.6789814"
"9125","1.5900947","1.5900947","1.5900947"
"9142","1.5281987","1.5281987","1.5281987"
"9162","1.6628462","1.6628462","1.6628462"
"9182","1.6831268","1.6831268","1.6831268"
"9199","1.6232601","1.6232601","1.6232601"
"9227","1.6731293","1.6731293","1.6731293"
"9247","1.6990094","1.6990094","1.6990094"
"9264","1.644168","1.644168","1.644168"
"9284","1.5561491","1.5561491","1.5561491"
"9296","1.6598673","1.6598673","1.6598673"
"9313","1.4936326","1.4936326","1.4936326"
"9333","1.5180002","1.5180002","1.5180002"
"9361","1.608474","1.608474","1.608474"
"9370","1.6852534","1.6852534","1.6852534"
"9398","1.6509355","1.6509355","1.6509355"
"9410","1.6629869","1.6629869","1.6629869"
"9427","1.6540774","1.6540774","1.6540774"
"9447","1.6319048","1.6319048","1.6319048"
"9467","1.606776","1.606776","1.606776"
"9492","1.4209865","1.4209865","1.4209865"
"9512","1.5406107","1.5406107","1.5406107"
"9532","1.6927925","1.6927925","1.6927925"
"9549","1.6357222","1.6357222","1.6357222"
"9569","1.4590634","1.4590634","1.4590634"
"9589","1.581925","1.581925","1.581925"
"9606","1.4099848","1.4099848","1.4099848"
"9618","1.6529813","1.6529813","1.6529813"
"9638","1.4589199","1.4589199","1.4589199"
"9655","1.4071175","1.4071175","1.4071175"
"9683","1.582639","1.582639","1.582639"
"9695","1.5879415","1.5879415","1.5879415"
"9712","1.6215353","1.6215353","1.6215353"
"9740","1.6709259","1.6709259","1.6709259"
"9752","1.5692738","1.5692738","1.5692738"
"9769","1.5226572","1.5226572","1.5226572"
"9789","1.5030383","1.5030383","1.5030383"
"9809","1.6037661","1.6037661","1.6037661"
"9834","1.6173327","1.6173327","1.6173327"
"9854","1.39722","1.39722","1.39722"
"9866","1.5904086","1.5904086","1.5904086"
"9891","1.4498227","1.4498227","1.4498227"
"9911","1.3998437","1.3998437","1.3998437"
"9931","1.6112498","1.6112498","1.6112498"
"9940","1.6644181","1.6644181","1.6644181"
"9960","1.5394663","1.5394663","1.5394663"
"9980","1.4111705","1.4111705","1.4111705"
"9997","1.2754163","1.2754163","1.2754163"
"10017","1.6381888","1.6381888","1.6381888"
"10037","1.6624773","1.6624773","1.6624773"
"10054","1.3309746","1.3309746","1.3309746"
"10082","1.5497253","1.5497253","1.5497253"
"10102","1.5924857","1.5924857","1.5924857"
"10119","1.701961","1.701961","1.701961"
"10139","1.3981568","1.3981568","1.3981568"
"10159","1.685347","1.685347","1.685347"
"10176","1.5712404","1.5712404","1.5712404"
"10188","1.6574061","1.6574061","1.6574061"
"10216","1.6154871","1.6154871","1.6154871"
"10225","1.5379248","1.5379248","1.5379248"
"10245","1.5648878","1.5648878","1.5648878"
"10273","1.608265","1.608265","1.608265"
"10290","1.5497631","1.5497631","1.5497631"
"10302","1.4783331","1.4783331","1.4783331"
"10322","1.6755122","1.6755122","1.6755122"
"10347","1.5176363","1.5176363","1.5176363"
"10367","1.3504325","1.3504325","1.3504325"
"10387","1.7059612","1.7059612","1.7059612"
"10404","1.5811855","1.5811855","1.5811855"
"10416","1.4611763","1.4611763","1.4611763"
"10436","1.3062972","1.3062972","1.3062972"
"10461","1.6332387","1.6332387","1.6332387"
"10481","1.7013597","1.7013597","1.7013597"
"10493","1.613558","1.613558","1.613558"
"10510","1.3245162","1.3245162","1.3245162"
"10538","1.4888518","1.4888518","1.4888518"
"10558","1.673238","1.673238","1.673238"
"10575","1.5950513","1.5950513","1.5950513"
"10595","1.7201169","1.7201169","1.7201169"
"10615","1.0383052","1.0383052","1.0383052"
"10624","1.656267","1.656267","1.656267"
"10652","1.5365229","1.5365229","1.5365229"
"10664","1.6717759","1.6717759","1.6717759"
"10689","1.3539635","1.3539635","1.3539635"
"10701","1.4489298","1.4489298","1.4489298"
"10729","1.592994","1.592994","1.592994"
"10746","1.5564666","1.5564666","1.5564666"
"10758","1.5340418","1.5340418","1.5340418"
"10786","1.6361662","1.6361662","1.6361662"
"10795","1.5737273","1.5737273","1.5737273"
"10823","1.2561877","1.2561877","1.2561877"
"10843","1.6650784","1.6650784","1.6650784"
"10860","1.5389708","1.5389708","1.5389708"
"10880","1.5857606","1.5857606","1.5857606"
"10900","1.5946518","1.5946518","1.5946518"
"10909","1.7019074","1.7019074","1.7019074"
"10929","1.5899773","1.5899773","1.5899773"
"10957","1.580409","1.580409","1.580409"
"10966","1.3578382","1.3578382","1.3578382"
"10986","1.6489279","1.6489279","1.6489279"
"11014","1.3996962","1.3996962","1.3996962"
"11031","1.1928003","1.1928003","1.1928003"
"11043","1.6186721","1.6186721","1.6186721"
"11071","1.6740189","1.6740189","1.6740189"
"11080","1.5370984","1.5370984","1.5370984"
"11108","1.6585401","1.6585401","1.6585401"
"11120","1.5562755","1.5562755","1.5562755"
"11145","1.4435602","1.4435602","1.4435602"
"11165","1.5412027","1.5412027","1.5412027"
"11185","1.6837496","1.6837496","1.6837496"
"11194","1.677007","1.677007","1.677007"
"11222","1.4067286","1.4067286","1.4067286"
"11242","1.5601176","1.5601176","1.5601176"
"11251","1.5007762","1.5007762","1.5007762"
"11271","1.3964536","1.3964536","1.3964536"
"11291","1.6753908","1.6753908","1.6753908"
"11316","1.5298202","1.5298202","1.5298202"
"11336","1.3684165","1.3684165","1.3684165"
"11356","1.6292162","1.6292162","1.6292162"
"11365","1.62992","1.62992","1.62992"
"11393","1.4695942","1.4695942","1.4695942"
"11413","1.6953275","1.6953275","1.6953275"
"11422","1.6127244","1.6127244","1.6127244"
"11442","1.4151621","1.4151621","1.4151621"
"11470","1.4848278","1.4848278","1.4848278"
"11479","1.6797752","1.6797752","1.6797752"
"11499","1.6139085","1.6139085","1.6139085"
"11519","1.3909351","1.3909351","1.3909351"
"11544","1.519267","1.519267","1.519267"
"11556","1.3492415","1.3492415","1.3492415"
"11576","1.445127","1.445127","1.445127"
"11601","1.4330928","1.4330928","1.4330928"
"11613","1.5609976","1.5609976","1.5609976"
"11633","1.6151772","1.6151772","1.6151772"
"11658","1.506309","1.506309","1.506309"
"11670","1.4974561","1.4974561","1.4974561"
"11690","1.68297","1.68297","1.68297"
"11715","1.6593672","1.6593672","1.6593672"
"11727","1.0214965","1.0214965","1.0214965"
"11755","1.6700299","1.6700299","1.6700299"
"11764","1.3959756","1.3959756","1.3959756"
"11784","1.4145246","1.4145246","1.4145246"
"11812","1.5706519","1.5706519","1.5706519"
"11821","1.5105188","1.5105188","1.5105188"
"11841","1.3898673","1.3898673","1.3898673"
"11869","1.2695276","1.2695276","1.2695276"
"11886","1.1614976","1.1614976","1.1614976"
"11906","1.1631091","1.1631091","1.1631091"
"11926","1.6004685","1.6004685","1.6004685"
"11943","0.8062736","0.8062736","0.8062736"
"11963","1.2276827","1.2276827","1.2276827"
"11975","1.0397968","1.0397968","1.0397968"
"11992","1.3208033","1.3208033","1.3208033"
"12020","1.3400626","1.3400626","1.3400626"
"12040","1.3140569","1.3140569","1.3140569"
"12049","1.4127107","1.4127107","1.4127107"
"12077","1.31795","1.31795","1.31795"
"12097","1.5052202","1.5052202","1.5052202"
"12114","0.98234713","0.98234713","0.98234713"
"12134","1.185366","1.185366","1.185366"
"12154","1.2715074","1.2715074","1.2715074"
"12163","1.182051","1.182051","1.182051"
"12183","1.2408936","1.2408936","1.2408936"
"12203","1.2406873","1.2406873","1.2406873"
"12220","1.2071053","1.2071053","1.2071053"
"12248","1.4876325","1.4876325","1.4876325"
"12268","1.6701123","1.6701123","1.6701123"
"12277","1.2145758","1.2145758","1.2145758"
"12305","1.4463475","1.4463475","1.4463475"
"12325","1.2475954","1.2475954","1.2475954"
"12334","1.4691447","1.4691447","1.4691447"
"12354","1.5557101","1.5557101","1.5557101"
"12382","1.6509886","1.6509886","1.6509886"
"12391","1.3868634","1.3868634","1.3868634"
"12419","1.5655923","1.5655923","1.5655923"
"12439","1.4114662","1.4114662","1.4114662"
"12456","1.2646807","1.2646807","1.2646807"
"12468","1.6362842","1.6362842","1.6362842"
"12496","1.5129397","1.5129397","1.5129397"
"12505","1.6152096","1.6152096","1.6152096"
"12525","1.3038459","1.3038459","1.3038459"
"12545","1.4412912","1.4412912","1.4412912"
"12570","1.6673768","1.6673768","1.6673768"
"12582","1.5329891","1.5329891","1.5329891"
"12610","1.6532873","1.6532873","1.6532873"
"12627","1.5459096","1.5459096","1.5459096"
"12639","1.5698647","1.5698647","1.5698647"
"12659","1.4631268","1.4631268","1.4631268"
"12676","1.3897883","1.3897883","1.3897883"
"12696","1.5143749","1.5143749","1.5143749"
"12716","1.4779478","1.4779478","1.4779478"
"12733","1.3122463","1.3122463","1.3122463"
"12753","1.4900092","1.4900092","1.4900092"
"12773","1.6921419","1.6921419","1.6921419"
"12798","1.4163165","1.4163165","1.4163165"
"12810","1.3969818","1.3969818","1.3969818"
"12830","1.4307028","1.4307028","1.4307028"
"12847","1.6857173","1.6857173","1.6857173"
"12867","1.5764382","1.5764382","1.5764382"
"12887","1.4372535","1.4372535","1.4372535"
"12912","1.503016","1.503016","1.503016"
"12932","1.7002077","1.7002077","1.7002077"
"12944","1.6277034","1.6277034","1.6277034"
"12961","1.6745921","1.6745921","1.6745921"
"12981","1.4584811","1.4584811","1.4584811"
"13001","1.384841","1.384841","1.384841"
"13026","1.6421436","1.6421436","1.6421436"
"13038","1.5963144","1.5963144","1.5963144"
"13058","1.6466651","1.6466651","1.6466651"
"13075","1.4690603","1.4690603","1.4690603"
"13095","1.5904326","1.5904326","1.5904326"
"13123","1.5229964","1.5229964","1.5229964"
"13140","1.503677","1.503677","1.503677"
"13160","1.5072496","1.5072496","1.5072496"
"13172","1.5886831","1.5886831","1.5886831"
"13189","1.2748618","1.2748618","1.2748618"
"13217","1.6777998","1.6777998","1.6777998"
"13237","1.454997","1.454997","1.454997"
"13254","1.6147949","1.6147949","1.6147949"
"13266","1.2027762","1.2027762","1.2027762"
"13286","1.6588323","1.6588323","1.6588323"
"13303","1.2560261","1.2560261","1.2560261"
"13331","1.3765975","1.3765975","1.3765975"
"13351","1.515046","1.515046","1.515046"
"13368","1.646137","1.646137","1.646137"
"13388","1.5843974","1.5843974","1.5843974"
"13408","1.6804075","1.6804075","1.6804075"
"13425","1.6515453","1.6515453","1.6515453"
"13437","1.6227365","1.6227365","1.6227365"
"13465","1.651853","1.651853","1.651853"
"13482","1.233287","1.233287","1.233287"
"13502","1.5447698","1.5447698","1.5447698"
"13514","1.5821023","1.5821023","1.5821023"
"13531","1.4242194","1.4242194","1.4242194"
"13551","1.6511288","1.6511288","1.6511288"
"13571","1.481785","1.481785","1.481785"
"13588","1.6286632","1.6286632","1.6286632"
"13616","1.6498911","1.6498911","1.6498911"
"13636","1.6159114","1.6159114","1.6159114"
"13653","1.5751344","1.5751344","1.5751344"
"13665","1.6451842","1.6451842","1.6451842"
"13693","1.476216","1.476216","1.476216"
"13702","1.5499991","1.5499991","1.5499991"
"13730","1.3547149","1.3547149","1.3547149"
"13742","1.3667022","1.3667022","1.3667022"
"13767","1.4501948","1.4501948","1.4501948"
"13779","1.6916448","1.6916448","1.6916448"
"13807","1.4751691","1.4751691","1.4751691"
"13824","1.4432778","1.4432778","1.4432778"
"13836","1.4978265","1.4978265","1.4978265"
"13856","1.5142046","1.5142046","1.5142046"
"13873","1.6274583","1.6274583","1.6274583"
"13901","1.5425211","1.5425211","1.5425211"
"13913","1.5769035","1.5769035","1.5769035"
"13930","1.6421323","1.6421323","1.6421323"
"13950","1.4239684","1.4239684","1.4239684"
"13970","0.9125065","0.9125065","0.9125065"
"13987","1.5450984","1.5450984","1.5450984"
"14015","1.4490812","1.4490812","1.4490812"
"14027","1.4696461","1.4696461","1.4696461"
"14044","1.5988734","1.5988734","1.5988734"
"14064","1.6425074","1.6425074","1.6425074"
"14092","1.6133974","1.6133974","1.6133974"
"14109","1.6618766","1.6618766","1.6618766"
"14121","1.6250696","1.6250696","1.6250696"
"14149","1.5337929","1.5337929","1.5337929"
"14166","0.71273065","0.71273065","0.71273065"
"14178","1.4134313","1.4134313","1.4134313"
"14198","1.2971991","1.2971991","1.2971991"
"14223","1.486926","1.486926","1.486926"
"14243","1.4884117","1.4884117","1.4884117"
"14255","1.6233987","1.6233987","1.6233987"
"14280","1.5538715","1.5538715","1.5538715"
"14292","1.63976","1.63976","1.63976"
"14312","1.6737574","1.6737574","1.6737574"
"14337","1.6456863","1.6456863","1.6456863"
"14349","1.6339272","1.6339272","1.6339272"
"14377","1.3844805","1.3844805","1.3844805"
"14394","1.4873675","1.4873675","1.4873675"
"14414","1.3072437","1.3072437","1.3072437"
"14426","1.4489157","1.4489157","1.4489157"
"14451","1.5449728","1.5449728","1.5449728"
"14463","1.6985291","1.6985291","1.6985291"
"14491","1.6602902","1.6602902","1.6602902"
"14508","1.483937","1.483937","1.483937"
"14520","1.5434102","1.5434102","1.5434102"
"14540","1.3106432","1.3106432","1.3106432"
"14565","1.4825282","1.4825282","1.4825282"
"14585","1.2737788","1.2737788","1.2737788"
"14597","1.6419795","1.6419795","1.6419795"