"Step","Feb12_03-32-08_PPO - Reward / Total reward (mean)","Feb12_03-32-08_PPO - Reward / Total reward (mean)__MIN","Feb12_03-32-08_PPO - Reward / Total reward (mean)__MAX"
"13","-1.7935661","-1.7935661","-1.7935661"
"33","-1.1276736","-1.1276736","-1.1276736"
"50","-1.6804583","-1.6804583","-1.6804583"
"70","-2.1874068","-2.1874068","-2.1874068"
"87","-2.5462863","-2.5462863","-2.5462863"
"107","-2.9283185","-2.9283185","-2.9283185"
"127","-2.5351334","-2.5351334","-2.5351334"
"144","-3.2833002","-3.2833002","-3.2833002"
"164","-4.0432243","-4.0432243","-4.0432243"
"184","-3.9008634","-3.9008634","-3.9008634"
"201","-4.3371344","-4.3371344","-4.3371344"
"221","-4.3166223","-4.3166223","-4.3166223"
"241","-4.181165","-4.181165","-4.181165"
"258","-4.5482492","-4.5482492","-4.5482492"
"270","-2.1280158","-2.1280158","-2.1280158"
"298","-4.8453884","-4.8453884","-4.8453884"
"315","-4.771169","-4.771169","-4.771169"
"335","-3.9468029","-3.9468029","-3.9468029"
"355","-4.743946","-4.743946","-4.743946"
"364","-1.3937219","-1.3937219","-1.3937219"
"384","-2.0253932","-2.0253932","-2.0253932"
"412","-1.6738198","-1.6738198","-1.6738198"
"429","-2.2444956","-2.2444956","-2.2444956"
"449","-1.7531953","-1.7531953","-1.7531953"
"469","-3.1968641","-3.1968641","-3.1968641"
"486","-1.8716663","-1.8716663","-1.8716663"
"506","-2.3594105","-2.3594105","-2.3594105"
"526","-1.687126","-1.687126","-1.687126"
"543","-3.4921353","-3.4921353","-3.4921353"
"555","-2.680345","-2.680345","-2.680345"
"583","-2.3545272","-2.3545272","-2.3545272"
"600","-1.9324156","-1.9324156","-1.9324156"
"620","-1.8802246","-1.8802246","-1.8802246"
"640","-1.9133171","-1.9133171","-1.9133171"
"657","-3.132267","-3.132267","-3.132267"
"669","-2.4020083","-2.4020083","-2.4020083"
"689","-4.805088","-4.805088","-4.805088"
"714","-2.7455108","-2.7455108","-2.7455108"
"734","-1.8050132","-1.8050132","-1.8050132"
"754","-3.7305267","-3.7305267","-3.7305267"
"763","-1.5382235","-1.5382235","-1.5382235"
"791","-3.0773466","-3.0773466","-3.0773466"
"803","-3.433349","-3.433349","-3.433349"
"828","-2.5732431","-2.5732431","-2.5732431"
"840","-2.852094","-2.852094","-2.852094"
"868","-2.2655811","-2.2655811","-2.2655811"
"877","-2.6563337","-2.6563337","-2.6563337"
"897","-2.5992358","-2.5992358","-2.5992358"
"925","-1.8251392","-1.8251392","-1.8251392"
"942","-1.6847714","-1.6847714","-1.6847714"
"962","-2.543436","-2.543436","-2.543436"
"982","-1.222972","-1.222972","-1.222972"
"999","-2.6683908","-2.6683908","-2.6683908"
"1019","-1.337373","-1.337373","-1.337373"
"1039","-2.3006709","-2.3006709","-2.3006709"
"1056","-2.4826145","-2.4826145","-2.4826145"
"1076","-2.4760914","-2.4760914","-2.4760914"
"1096","-2.116692","-2.116692","-2.116692"
"1113","-3.1681082","-3.1681082","-3.1681082"
"1133","-3.321804","-3.321804","-3.321804"
"1153","-2.3293624","-2.3293624","-2.3293624"
"1170","-2.230918","-2.230918","-2.230918"
"1190","-2.8872397","-2.8872397","-2.8872397"
"1210","-2.412876","-2.412876","-2.412876"
"1219","-3.0014637","-3.0014637","-3.0014637"
"1247","-2.0378282","-2.0378282","-2.0378282"
"1259","-2.628137","-2.628137","-2.628137"
"1284","-2.302767","-2.302767","-2.302767"
"1296","-2.4717748","-2.4717748","-2.4717748"
"1324","-2.8289337","-2.8289337","-2.8289337"
"1341","-2.4296916","-2.4296916","-2.4296916"
"1361","-2.8185616","-2.8185616","-2.8185616"
"1381","-2.5813663","-2.5813663","-2.5813663"
"1398","-2.4164977","-2.4164977","-2.4164977"
"1410","-2.4512494","-2.4512494","-2.4512494"
"1430","-2.1120744","-2.1120744","-2.1120744"
"1455","-2.2645605","-2.2645605","-2.2645605"
"1475","-1.7960755","-1.7960755","-1.7960755"
"1495","-3.166804","-3.166804","-3.166804"
"1512","-2.426943","-2.426943","-2.426943"
"1532","-2.4666715","-2.4666715","-2.4666715"
"1552","-2.2882087","-2.2882087","-2.2882087"
"1569","-2.058208","-2.058208","-2.058208"
"1589","-2.2523592","-2.2523592","-2.2523592"
"1609","-2.2910614","-2.2910614","-2.2910614"
"1626","-2.8609724","-2.8609724","-2.8609724"
"1646","-3.114395","-3.114395","-3.114395"
"1666","-2.976277","-2.976277","-2.976277"
"1683","-2.6137512","-2.6137512","-2.6137512"
"1695","-2.896443","-2.896443","-2.896443"
"1715","-2.4568172","-2.4568172","-2.4568172"
"1740","-2.1767795","-2.1767795","-2.1767795"
"1760","-2.502015","-2.502015","-2.502015"
"1772","-2.3716578","-2.3716578","-2.3716578"
"1789","-1.9352353","-1.9352353","-1.9352353"
"1817","-1.8014637","-1.8014637","-1.8014637"
"1837","-3.0336106","-3.0336106","-3.0336106"
"1846","-2.4687285","-2.4687285","-2.4687285"
"1874","-2.05753","-2.05753","-2.05753"
"1894","-2.159603","-2.159603","-2.159603"
"1903","-2.7112732","-2.7112732","-2.7112732"
"1931","-2.4829512","-2.4829512","-2.4829512"
"1951","-3.0845344","-3.0845344","-3.0845344"
"1968","-2.6565275","-2.6565275","-2.6565275"
"1988","-2.8982034","-2.8982034","-2.8982034"
"2008","-3.1651928","-3.1651928","-3.1651928"
"2017","-3.047686","-3.047686","-3.047686"
"2045","-2.9316843","-2.9316843","-2.9316843"
"2065","-2.9103158","-2.9103158","-2.9103158"
"2082","-1.68858","-1.68858","-1.68858"
"2102","-2.1121075","-2.1121075","-2.1121075"
"2122","-3.047883","-3.047883","-3.047883"
"2139","-2.755311","-2.755311","-2.755311"
"2159","-1.0752472","-1.0752472","-1.0752472"
"2171","-2.0895007","-2.0895007","-2.0895007"
"2196","-2.0628173","-2.0628173","-2.0628173"
"2208","-2.2682338","-2.2682338","-2.2682338"
"2228","-2.2503932","-2.2503932","-2.2503932"
"2253","-2.4683862","-2.4683862","-2.4683862"
"2273","-2.5463078","-2.5463078","-2.5463078"
"2293","-2.3357697","-2.3357697","-2.3357697"
"2310","-2.8478775","-2.8478775","-2.8478775"
"2330","-1.8061604","-1.8061604","-1.8061604"
"2350","-2.440961","-2.440961","-2.440961"
"2367","-2.289129","-2.289129","-2.289129"
"2387","-3.205198","-3.205198","-3.205198"
"2407","-1.6935239","-1.6935239","-1.6935239"
"2424","-2.0075984","-2.0075984","-2.0075984"
"2436","-2.4198496","-2.4198496","-2.4198496"
"2464","-2.2563572","-2.2563572","-2.2563572"
"2481","-1.4159851","-1.4159851","-1.4159851"
"2493","-1.6255819","-1.6255819","-1.6255819"
"2513","-2.7656596","-2.7656596","-2.7656596"
"2538","-1.7872734","-1.7872734","-1.7872734"
"2558","-2.782269","-2.782269","-2.782269"
"2570","-2.1333296","-2.1333296","-2.1333296"
"2587","-2.5199628","-2.5199628","-2.5199628"
"2615","-1.4374697","-1.4374697","-1.4374697"
"2627","-1.6363419","-1.6363419","-1.6363419"
"2644","-1.5296557","-1.5296557","-1.5296557"
"2672","-2.633652","-2.633652","-2.633652"
"2692","-1.8894714","-1.8894714","-1.8894714"
"2709","-2.1789827","-2.1789827","-2.1789827"
"2729","-2.117795","-2.117795","-2.117795"
"2749","-2.798999","-2.798999","-2.798999"
"2766","-2.4211962","-2.4211962","-2.4211962"
"2786","-2.59552","-2.59552","-2.59552"
"2806","-2.4874327","-2.4874327","-2.4874327"
"2823","-1.9189006","-1.9189006","-1.9189006"
"2835","-2.7322361","-2.7322361","-2.7322361"
"2863","-2.329511","-2.329511","-2.329511"
"2872","-1.594895","-1.594895","-1.594895"
"2892","-2.2407","-2.2407","-2.2407"
"2920","-1.627495","-1.627495","-1.627495"
"2937","-2.8745098","-2.8745098","-2.8745098"
"2957","-2.8593202","-2.8593202","-2.8593202"
"2977","-2.29914","-2.29914","-2.29914"
"2994","-2.1160543","-2.1160543","-2.1160543"
"3014","-2.585969","-2.585969","-2.585969"
"3034","-2.4548204","-2.4548204","-2.4548204"
"3051","-2.4297411","-2.4297411","-2.4297411"
"3071","-2.1803808","-2.1803808","-2.1803808"
"3091","-2.0428536","-2.0428536","-2.0428536"
"3108","-1.978044","-1.978044","-1.978044"
"3120","-1.752177","-1.752177","-1.752177"
"3148","-2.0791054","-2.0791054","-2.0791054"
"3165","-1.8565842","-1.8565842","-1.8565842"
"3177","-1.8343221","-1.8343221","-1.8343221"
"3205","-1.7671542","-1.7671542","-1.7671542"
"3214","-2.0790148","-2.0790148","-2.0790148"
"3242","-1.5735929","-1.5735929","-1.5735929"
"3262","-1.8833683","-1.8833683","-1.8833683"
"3279","-2.0351222","-2.0351222","-2.0351222"
"3291","-2.2741292","-2.2741292","-2.2741292"
"3319","-2.698296","-2.698296","-2.698296"
"3336","-2.4937925","-2.4937925","-2.4937925"
"3356","-1.8305154","-1.8305154","-1.8305154"
"3376","-1.8778435","-1.8778435","-1.8778435"
"3393","-2.0961716","-2.0961716","-2.0961716"
"3405","-2.125794","-2.125794","-2.125794"
"3433","-2.1655393","-2.1655393","-2.1655393"
"3450","-1.7820872","-1.7820872","-1.7820872"
"3470","-2.147098","-2.147098","-2.147098"
"3490","-2.2816958","-2.2816958","-2.2816958"
"3507","-2.0666924","-2.0666924","-2.0666924"
"3527","-3.0030804","-3.0030804","-3.0030804"
"3547","-2.1478636","-2.1478636","-2.1478636"
"3564","-2.2506669","-2.2506669","-2.2506669"
"3584","-2.343453","-2.343453","-2.343453"
"3604","-2.6562533","-2.6562533","-2.6562533"
"3621","-2.370646","-2.370646","-2.370646"
"3641","-2.402581","-2.402581","-2.402581"
"3661","-1.8893535","-1.8893535","-1.8893535"
"3670","-2.5483365","-2.5483365","-2.5483365"
"3698","-1.5736834","-1.5736834","-1.5736834"
"3718","-2.057225","-2.057225","-2.057225"
"3735","-2.3176126","-2.3176126","-2.3176126"
"3755","-2.1707654","-2.1707654","-2.1707654"
"3775","-2.7198603","-2.7198603","-2.7198603"
"3784","-2.3166435","-2.3166435","-2.3166435"
"3812","-2.7246406","-2.7246406","-2.7246406"
"3832","-2.2594793","-2.2594793","-2.2594793"
"3841","-2.3512926","-2.3512926","-2.3512926"
"3869","-1.825737","-1.825737","-1.825737"
"3889","-1.7105521","-1.7105521","-1.7105521"
"3906","-2.0979204","-2.0979204","-2.0979204"
"3926","-2.2836008","-2.2836008","-2.2836008"
"3938","-2.1206167","-2.1206167","-2.1206167"
"3955","-1.7815166","-1.7815166","-1.7815166"
"3983","-2.7741656","-2.7741656","-2.7741656"
"3995","-2.3865829","-2.3865829","-2.3865829"
"4012","-2.3046749","-2.3046749","-2.3046749"
"4040","-2.4742618","-2.4742618","-2.4742618"
"4060","-2.360393","-2.360393","-2.360393"
"4077","-1.6968212","-1.6968212","-1.6968212"
"4089","-1.8165425","-1.8165425","-1.8165425"
"4117","-2.3084362","-2.3084362","-2.3084362"
"4134","-2.0541382","-2.0541382","-2.0541382"
"4146","-2.4588823","-2.4588823","-2.4588823"
"4174","-2.539867","-2.539867","-2.539867"
"4191","-1.830305","-1.830305","-1.830305"
"4211","-3.2036273","-3.2036273","-3.2036273"
"4231","-2.2042856","-2.2042856","-2.2042856"
"4240","-2.0214329","-2.0214329","-2.0214329"
"4268","-2.1321385","-2.1321385","-2.1321385"
"4280","-2.3517697","-2.3517697","-2.3517697"
"4305","-2.1172147","-2.1172147","-2.1172147"
"4325","-1.7100133","-1.7100133","-1.7100133"
"4337","-2.113157","-2.113157","-2.113157"
"4354","-1.9338228","-1.9338228","-1.9338228"
"4382","-2.1267278","-2.1267278","-2.1267278"
"4402","-2.003621","-2.003621","-2.003621"
"4419","-1.6003735","-1.6003735","-1.6003735"
"4439","-2.023178","-2.023178","-2.023178"
"4459","-2.0870817","-2.0870817","-2.0870817"
"4476","-1.7772038","-1.7772038","-1.7772038"
"4496","-2.0811005","-2.0811005","-2.0811005"
"4508","-1.8233572","-1.8233572","-1.8233572"
"4533","-1.9559582","-1.9559582","-1.9559582"
"4553","-2.0703425","-2.0703425","-2.0703425"
"4573","-1.6752656","-1.6752656","-1.6752656"
"4590","-1.5295638","-1.5295638","-1.5295638"
"4602","-1.544444","-1.544444","-1.544444"
"4630","-2.4148562","-2.4148562","-2.4148562"
"4647","-1.9800596","-1.9800596","-1.9800596"
"4667","-2.1478567","-2.1478567","-2.1478567"
"4687","-1.9923545","-1.9923545","-1.9923545"
"4704","-2.2019548","-2.2019548","-2.2019548"
"4716","-1.7666341","-1.7666341","-1.7666341"
"4744","-2.32054","-2.32054","-2.32054"
"4761","-2.4937408","-2.4937408","-2.4937408"
"4781","-2.2493718","-2.2493718","-2.2493718"
"4801","-1.7709558","-1.7709558","-1.7709558"
"4818","-1.5810361","-1.5810361","-1.5810361"
"4838","-2.0065827","-2.0065827","-2.0065827"
"4858","-2.1052258","-2.1052258","-2.1052258"
"4875","-2.2100532","-2.2100532","-2.2100532"
"4895","-1.9497589","-1.9497589","-1.9497589"
"4915","-1.7160968","-1.7160968","-1.7160968"
"4932","-2.047505","-2.047505","-2.047505"
"4952","-1.8099611","-1.8099611","-1.8099611"
"4964","-1.7864323","-1.7864323","-1.7864323"
"4989","-1.9789958","-1.9789958","-1.9789958"
"5009","-1.8207545","-1.8207545","-1.8207545"
"5029","-1.9188656","-1.9188656","-1.9188656"
"5046","-2.011998","-2.011998","-2.011998"
"5066","-2.0682008","-2.0682008","-2.0682008"
"5086","-2.1185591","-2.1185591","-2.1185591"
"5103","-1.9940437","-1.9940437","-1.9940437"
"5115","-2.306851","-2.306851","-2.306851"
"5143","-1.9940476","-1.9940476","-1.9940476"
"5160","-1.8850303","-1.8850303","-1.8850303"
"5180","-2.0145972","-2.0145972","-2.0145972"
"5200","-1.6733736","-1.6733736","-1.6733736"
"5217","-1.7995605","-1.7995605","-1.7995605"
"5237","-1.9386684","-1.9386684","-1.9386684"
"5257","-1.7344646","-1.7344646","-1.7344646"
"5266","-2.0006385","-2.0006385","-2.0006385"
"5286","-2.1288028","-2.1288028","-2.1288028"
"5306","-2.0785804","-2.0785804","-2.0785804"
"5334","-1.8251286","-1.8251286","-1.8251286"
"5351","-1.9549463","-1.9549463","-1.9549463"
"5371","-1.3433133","-1.3433133","-1.3433133"
"5388","-1.9650452","-1.9650452","-1.9650452"
"5408","-1.9052103","-1.9052103","-1.9052103"
"5420","-1.5129856","-1.5129856","-1.5129856"
"5437","-2.1808667","-2.1808667","-2.1808667"
"5465","-1.6998495","-1.6998495","-1.6998495"
"5485","-1.9577605","-1.9577605","-1.9577605"
"5494","-1.957459","-1.957459","-1.957459"
"5522","-1.6269202","-1.6269202","-1.6269202"
"5542","-1.7743313","-1.7743313","-1.7743313"
"5559","-1.7493113","-1.7493113","-1.7493113"
"5571","-1.6290401","-1.6290401","-1.6290401"
"5591","-1.790454","-1.790454","-1.790454"
"5616","-2.085605","-2.085605","-2.085605"
"5636","-1.6991763","-1.6991763","-1.6991763"
"5656","-1.5945071","-1.5945071","-1.5945071"
"5673","-1.8159267","-1.8159267","-1.8159267"
"5693","-1.5370315","-1.5370315","-1.5370315"
"5705","-1.7203381","-1.7203381","-1.7203381"
"5730","-1.691824","-1.691824","-1.691824"
"5750","-1.663744","-1.663744","-1.663744"
"5762","-1.708542","-1.708542","-1.708542"
"5787","-1.450824","-1.450824","-1.450824"
"5807","-1.5976413","-1.5976413","-1.5976413"
"5827","-1.7480496","-1.7480496","-1.7480496"
"5844","-1.4529266","-1.4529266","-1.4529266"
"5864","-1.5467434","-1.5467434","-1.5467434"
"5884","-1.4714744","-1.4714744","-1.4714744"
"5901","-1.8936977","-1.8936977","-1.8936977"
"5913","-1.7456083","-1.7456083","-1.7456083"
"5933","-1.7632391","-1.7632391","-1.7632391"
"5950","-1.7973663","-1.7973663","-1.7973663"
"5978","-1.539764","-1.539764","-1.539764"
"5998","-1.8791022","-1.8791022","-1.8791022"
"6015","-1.5623634","-1.5623634","-1.5623634"
"6035","-1.9146823","-1.9146823","-1.9146823"
"6055","-1.7980516","-1.7980516","-1.7980516"
"6072","-1.8308126","-1.8308126","-1.8308126"
"6092","-1.5564395","-1.5564395","-1.5564395"
"6112","-1.5226012","-1.5226012","-1.5226012"
"6129","-1.4240042","-1.4240042","-1.4240042"
"6141","-0.9435031","-0.9435031","-0.9435031"
"6169","-1.5284077","-1.5284077","-1.5284077"
"6186","-1.3771062","-1.3771062","-1.3771062"
"6206","-1.6705538","-1.6705538","-1.6705538"
"6226","-1.4477323","-1.4477323","-1.4477323"
"6243","-1.2774878","-1.2774878","-1.2774878"
"6263","-1.409237","-1.409237","-1.409237"
"6283","-1.3386816","-1.3386816","-1.3386816"
"6300","-1.2485054","-1.2485054","-1.2485054"
"6320","-1.3944306","-1.3944306","-1.3944306"
"6340","-1.3756536","-1.3756536","-1.3756536"
"6357","-1.4098817","-1.4098817","-1.4098817"
"6377","-0.95262504","-0.95262504","-0.95262504"
"6397","-1.3315082","-1.3315082","-1.3315082"
"6414","-1.3677138","-1.3677138","-1.3677138"
"6434","-1.175968","-1.175968","-1.175968"
"6454","-1.1985328","-1.1985328","-1.1985328"
"6471","-1.306679","-1.306679","-1.306679"
"6491","-1.2468066","-1.2468066","-1.2468066"
"6503","-1.1317587","-1.1317587","-1.1317587"
"6528","-1.1446714","-1.1446714","-1.1446714"
"6540","-1.2616931","-1.2616931","-1.2616931"
"6568","-1.2016493","-1.2016493","-1.2016493"
"6585","-1.3974768","-1.3974768","-1.3974768"
"6605","-0.9715206","-0.9715206","-0.9715206"
"6625","-1.3450867","-1.3450867","-1.3450867"
"6642","-1.2124994","-1.2124994","-1.2124994"
"6662","-1.3546103","-1.3546103","-1.3546103"
"6674","-1.2311647","-1.2311647","-1.2311647"
"6699","-1.021771","-1.021771","-1.021771"
"6711","-1.3369975","-1.3369975","-1.3369975"
"6731","-1.1003224","-1.1003224","-1.1003224"
"6756","-1.3057057","-1.3057057","-1.3057057"
"6768","-1.058149","-1.058149","-1.058149"
"6796","-1.5421897","-1.5421897","-1.5421897"
"6813","-1.227337","-1.227337","-1.227337"
"6833","-1.160262","-1.160262","-1.160262"
"6853","-1.2633126","-1.2633126","-1.2633126"
"6870","-1.213564","-1.213564","-1.213564"
"6890","-1.1177958","-1.1177958","-1.1177958"
"6910","-1.3741258","-1.3741258","-1.3741258"
"6919","-1.1515758","-1.1515758","-1.1515758"
"6939","-1.053465","-1.053465","-1.053465"
"6967","-1.0056931","-1.0056931","-1.0056931"
"6984","-0.868731","-0.868731","-0.868731"
"7004","-1.2615497","-1.2615497","-1.2615497"
"7024","-0.7377297","-0.7377297","-0.7377297"
"7041","-1.1278358","-1.1278358","-1.1278358"
"7061","-0.97523695","-0.97523695","-0.97523695"
"7081","-0.87568027","-0.87568027","-0.87568027"
"7098","-1.0010908","-1.0010908","-1.0010908"
"7118","-0.94896686","-0.94896686","-0.94896686"
"7130","-1.0955216","-1.0955216","-1.0955216"
"7155","-0.8980626","-0.8980626","-0.8980626"
"7167","-1.269567","-1.269567","-1.269567"
"7195","-0.9410415","-0.9410415","-0.9410415"
"7212","-0.7286344","-0.7286344","-0.7286344"
"7232","-0.7919889","-0.7919889","-0.7919889"
"7252","-1.0930828","-1.0930828","-1.0930828"
"7269","-1.0905993","-1.0905993","-1.0905993"
"7289","-0.99167067","-0.99167067","-0.99167067"
"7309","-0.86505914","-0.86505914","-0.86505914"
"7326","-1.069735","-1.069735","-1.069735"
"7338","-1.150484","-1.150484","-1.150484"
"7366","-0.73909","-0.73909","-0.73909"
"7383","-0.9677041","-0.9677041","-0.9677041"
"7395","-0.84373695","-0.84373695","-0.84373695"
"7423","-0.58530307","-0.58530307","-0.58530307"
"7440","-1.0918752","-1.0918752","-1.0918752"
"7460","-0.5639589","-0.5639589","-0.5639589"
"7480","-0.85274833","-0.85274833","-0.85274833"
"7489","-1.0259323","-1.0259323","-1.0259323"
"7517","-1.0689303","-1.0689303","-1.0689303"
"7537","-0.9670459","-0.9670459","-0.9670459"
"7554","-0.7811535","-0.7811535","-0.7811535"
"7566","-1.1619859","-1.1619859","-1.1619859"
"7594","-0.57963973","-0.57963973","-0.57963973"
"7611","-0.8307875","-0.8307875","-0.8307875"
"7631","-0.81997156","-0.81997156","-0.81997156"
"7651","-0.7957963","-0.7957963","-0.7957963"
"7660","-1.006086","-1.006086","-1.006086"
"7688","-0.72968024","-0.72968024","-0.72968024"
"7708","-1.0996648","-1.0996648","-1.0996648"
"7725","-0.82537264","-0.82537264","-0.82537264"
"7745","-0.8368043","-0.8368043","-0.8368043"
"7765","-0.8032213","-0.8032213","-0.8032213"
"7782","-0.9337462","-0.9337462","-0.9337462"
"7802","-1.1523948","-1.1523948","-1.1523948"
"7822","-1.1760709","-1.1760709","-1.1760709"
"7839","-0.73336244","-0.73336244","-0.73336244"
"7859","-1.0171844","-1.0171844","-1.0171844"
"7879","-0.69802487","-0.69802487","-0.69802487"
"7896","-0.8757321","-0.8757321","-0.8757321"
"7916","-1.0156705","-1.0156705","-1.0156705"
"7928","-0.93254197","-0.93254197","-0.93254197"
"7953","-0.95491254","-0.95491254","-0.95491254"
"7973","-0.36372545","-0.36372545","-0.36372545"
"7993","-0.73477787","-0.73477787","-0.73477787"
"8010","-0.8061148","-0.8061148","-0.8061148"
"8030","-0.7194597","-0.7194597","-0.7194597"
"8050","-0.9638122","-0.9638122","-0.9638122"
"8073","-0.7586739","-0.7586739","-0.7586739"
"8093","-0.90916455","-0.90916455","-0.90916455"
"8118","-0.6228215","-0.6228215","-0.6228215"
"8138","-0.61288106","-0.61288106","-0.61288106"
"8150","-0.539151","-0.539151","-0.539151"
"8175","0.30700943","0.30700943","0.30700943"
"8187","-0.64620006","-0.64620006","-0.64620006"
"8215","-0.7233772","-0.7233772","-0.7233772"
"8232","-0.24342236","-0.24342236","-0.24342236"
"8252","-0.64862305","-0.64862305","-0.64862305"
"8272","-0.8064733","-0.8064733","-0.8064733"
"8289","-0.6021176","-0.6021176","-0.6021176"
"8309","-1.017803","-1.017803","-1.017803"
"8329","-0.60069007","-0.60069007","-0.60069007"
"8346","-0.29826948","-0.29826948","-0.29826948"
"8366","-0.67335504","-0.67335504","-0.67335504"
"8386","-0.58219343","-0.58219343","-0.58219343"
"8403","-0.7462681","-0.7462681","-0.7462681"
"8423","-0.6392237","-0.6392237","-0.6392237"
"8443","-0.6494804","-0.6494804","-0.6494804"
"8460","-0.93639135","-0.93639135","-0.93639135"
"8480","-0.50551724","-0.50551724","-0.50551724"
"8500","-0.511908","-0.511908","-0.511908"
"8517","-0.75969356","-0.75969356","-0.75969356"
"8529","-1.0127963","-1.0127963","-1.0127963"
"8549","-0.791723","-0.791723","-0.791723"
"8574","-0.5956964","-0.5956964","-0.5956964"
"8594","-0.7404653","-0.7404653","-0.7404653"
"8614","-0.7863558","-0.7863558","-0.7863558"
"8631","-0.7185489","-0.7185489","-0.7185489"
"8651","-0.9189285","-0.9189285","-0.9189285"
"8671","-0.90624315","-0.90624315","-0.90624315"
"8688","-0.5442999","-0.5442999","-0.5442999"
"8708","-1.0134225","-1.0134225","-1.0134225"
"8728","-0.63344795","-0.63344795","-0.63344795"
"8745","-0.5560558","-0.5560558","-0.5560558"
"8757","-0.5517312","-0.5517312","-0.5517312"
"8777","-0.97000253","-0.97000253","-0.97000253"
"8802","-0.78109455","-0.78109455","-0.78109455"
"8814","-0.81753206","-0.81753206","-0.81753206"
"8842","-0.6605133","-0.6605133","-0.6605133"
"8859","-0.66800565","-0.66800565","-0.66800565"
"8879","-0.73993117","-0.73993117","-0.73993117"
"8899","-0.6913797","-0.6913797","-0.6913797"
"8908","-0.83297944","-0.83297944","-0.83297944"
"8936","-0.6970036","-0.6970036","-0.6970036"
"8956","-0.80397713","-0.80397713","-0.80397713"
"8973","-0.48757198","-0.48757198","-0.48757198"
"8985","-0.62794936","-0.62794936","-0.62794936"
"9013","-0.503348","-0.503348","-0.503348"
"9030","-0.41614422","-0.41614422","-0.41614422"
"9050","-0.18813063","-0.18813063","-0.18813063"
"9070","-0.50564057","-0.50564057","-0.50564057"
"9079","-0.5638292","-0.5638292","-0.5638292"
"9107","-0.14358753","-0.14358753","-0.14358753"
"9127","-0.15171425","-0.15171425","-0.15171425"
"9144","-0.73710185","-0.73710185","-0.73710185"
"9164","-0.7000584","-0.7000584","-0.7000584"
"9184","-0.3845072","-0.3845072","-0.3845072"
"9201","-0.49150032","-0.49150032","-0.49150032"
"9221","-0.551442","-0.551442","-0.551442"
"9241","-0.6953356","-0.6953356","-0.6953356"
"9258","-0.5176479","-0.5176479","-0.5176479"
"9278","-0.8310453","-0.8310453","-0.8310453"
"9298","-0.34342462","-0.34342462","-0.34342462"
"9315","-0.6410284","-0.6410284","-0.6410284"
"9335","-0.2703408","-0.2703408","-0.2703408"
"9347","-0.42628807","-0.42628807","-0.42628807"
"9372","-0.545997","-0.545997","-0.545997"
"9392","-0.41367912","-0.41367912","-0.41367912"
"9412","-0.4100764","-0.4100764","-0.4100764"
"9429","-0.47807235","-0.47807235","-0.47807235"
"9449","-0.37912515","-0.37912515","-0.37912515"
"9469","-0.5995515","-0.5995515","-0.5995515"
"9486","-0.50176376","-0.50176376","-0.50176376"
"9498","-0.4344615","-0.4344615","-0.4344615"
"9526","0.0854133","0.0854133","0.0854133"
"9543","-0.29195917","-0.29195917","-0.29195917"
"9563","-0.2494732","-0.2494732","-0.2494732"
"9583","-0.6643898","-0.6643898","-0.6643898"
"9600","0.33498558","0.33498558","0.33498558"
"9620","-0.46621847","-0.46621847","-0.46621847"
"9640","-0.27410477","-0.27410477","-0.27410477"
"9657","-0.38896635","-0.38896635","-0.38896635"
"9677","-0.40371847","-0.40371847","-0.40371847"
"9697","-0.4223366","-0.4223366","-0.4223366"
"9706","-0.30918774","-0.30918774","-0.30918774"
"9734","-0.2519547","-0.2519547","-0.2519547"
"9754","-0.2878661","-0.2878661","-0.2878661"
"9771","-0.30868566","-0.30868566","-0.30868566"
"9791","-0.16914953","-0.16914953","-0.16914953"
"9811","-0.35574296","-0.35574296","-0.35574296"
"9828","-0.31927943","-0.31927943","-0.31927943"
"9848","-0.32424417","-0.32424417","-0.32424417"
"9868","-0.1617057","-0.1617057","-0.1617057"
"9885","-0.31116018","-0.31116018","-0.31116018"
"9905","-0.18565804","-0.18565804","-0.18565804"
"9925","0.035496116","0.035496116","0.035496116"
"9934","-0.35651615","-0.35651615","-0.35651615"
"9962","0.00092324696","0.00092324696","0.00092324696"
"9974","-0.25492018","-0.25492018","-0.25492018"
"9999","-0.13399154","-0.13399154","-0.13399154"
"10019","0.03416237","0.03416237","0.03416237"
"10039","-0.35291478","-0.35291478","-0.35291478"
"10056","-0.3099191","-0.3099191","-0.3099191"
"10076","-0.24875623","-0.24875623","-0.24875623"
"10088","-0.22902419","-0.22902419","-0.22902419"
"10113","-0.32940945","-0.32940945","-0.32940945"
"10125","-0.04638082","-0.04638082","-0.04638082"
"10153","-0.25073344","-0.25073344","-0.25073344"
"10170","-0.25593245","-0.25593245","-0.25593245"
"10190","-0.11272863","-0.11272863","-0.11272863"
"10202","0.1455592","0.1455592","0.1455592"
"10227","-0.17563939","-0.17563939","-0.17563939"
"10247","-0.45595974","-0.45595974","-0.45595974"
"10267","-0.26866117","-0.26866117","-0.26866117"
"10284","-0.25524002","-0.25524002","-0.25524002"
"10304","-0.2433995","-0.2433995","-0.2433995"
"10324","-0.06988022","-0.06988022","-0.06988022"
"10341","-0.18560484","-0.18560484","-0.18560484"
"10361","-0.17162186","-0.17162186","-0.17162186"
"10381","-0.01903926","-0.01903926","-0.01903926"
"10398","-0.010555475","-0.010555475","-0.010555475"
"10418","-0.086063944","-0.086063944","-0.086063944"
"10438","0.16008629","0.16008629","0.16008629"
"10455","-0.55092084","-0.55092084","-0.55092084"
"10475","-0.19422346","-0.19422346","-0.19422346"
"10495","0.3575882","0.3575882","0.3575882"
"10512","0.3346097","0.3346097","0.3346097"
"10532","0.013621019","0.013621019","0.013621019"
"10552","-0.26728666","-0.26728666","-0.26728666"
"10569","-0.1643321","-0.1643321","-0.1643321"
"10589","0.24357444","0.24357444","0.24357444"
"10601","-0.03820434","-0.03820434","-0.03820434"
"10626","-0.40090027","-0.40090027","-0.40090027"
"10646","-0.11415015","-0.11415015","-0.11415015"
"10666","-0.04029104","-0.04029104","-0.04029104"
"10683","0.12385797","0.12385797","0.12385797"
"10703","-0.26168814","-0.26168814","-0.26168814"
"10723","-0.02075645","-0.02075645","-0.02075645"
"10740","-0.08707349","-0.08707349","-0.08707349"
"10760","-0.10346948","-0.10346948","-0.10346948"
"10780","0.15745391","0.15745391","0.15745391"
"10800","0.00508445","0.00508445","0.00508445"
"10817","0.026438506","0.026438506","0.026438506"
"10837","-0.029380826","-0.029380826","-0.029380826"
"10854","0.2798219","0.2798219","0.2798219"
"10874","-0.18970299","-0.18970299","-0.18970299"
"10894","0.519082","0.519082","0.519082"
"10914","-0.0700508","-0.0700508","-0.0700508"
"10931","0.2583482","0.2583482","0.2583482"
"10951","-0.36662406","-0.36662406","-0.36662406"
"10968","-0.22977793","-0.22977793","-0.22977793"
"10988","-0.26609254","-0.26609254","-0.26609254"
"11008","0.010430556","0.010430556","0.010430556"
"11025","-0.42670605","-0.42670605","-0.42670605"
"11045","0.023870213","0.023870213","0.023870213"
"11065","-0.21450076","-0.21450076","-0.21450076"
"11082","0.04399915","0.04399915","0.04399915"
"11102","0.008112661","0.008112661","0.008112661"
"11114","-0.24952665","-0.24952665","-0.24952665"
"11139","-0.31225628","-0.31225628","-0.31225628"
"11159","-0.04926559","-0.04926559","-0.04926559"
"11179","0.26691878","0.26691878","0.26691878"
"11196","-0.12627101","-0.12627101","-0.12627101"
"11216","-0.053027224","-0.053027224","-0.053027224"
"11236","0.37070414","0.37070414","0.37070414"
"11253","-0.09076403","-0.09076403","-0.09076403"
"11273","0.02124019","0.02124019","0.02124019"
"11285","0.53549814","0.53549814","0.53549814"
"11302","-0.33076942","-0.33076942","-0.33076942"
"11330","0.8106248","0.8106248","0.8106248"
"11350","0.17604418","0.17604418","0.17604418"
"11367","-0.13646394","-0.13646394","-0.13646394"
"11387","0.5615035","0.5615035","0.5615035"
"11399","-0.038559254","-0.038559254","-0.038559254"
"11424","0.5040945","0.5040945","0.5040945"
"11444","0.03663164","0.03663164","0.03663164"
"11464","0.009864623","0.009864623","0.009864623"
"11473","-0.20564036","-0.20564036","-0.20564036"
"11501","-0.15460658","-0.15460658","-0.15460658"
"11521","0.417753","0.417753","0.417753"
"11538","0.11544787","0.11544787","0.11544787"
"11550","-0.071207434","-0.071207434","-0.071207434"
"11578","0.48278838","0.48278838","0.48278838"
"11595","0.0018684233","0.0018684233","0.0018684233"
"11615","0.20201083","0.20201083","0.20201083"
"11627","-0.38807303","-0.38807303","-0.38807303"
"11652","0.42820346","0.42820346","0.42820346"
"11672","0.31946877","0.31946877","0.31946877"
"11692","-0.1851966","-0.1851966","-0.1851966"
"11701","-0.09984133","-0.09984133","-0.09984133"
"11729","-0.021681435","-0.021681435","-0.021681435"
"11749","0.08117951","0.08117951","0.08117951"
"11766","0.012140124","0.012140124","0.012140124"
"11786","0.6266873","0.6266873","0.6266873"
"11806","-0.07985507","-0.07985507","-0.07985507"
"11815","0.097121336","0.097121336","0.097121336"
"11843","-0.05871034","-0.05871034","-0.05871034"
"11863","0.040030982","0.040030982","0.040030982"
"11880","0.0072285063","0.0072285063","0.0072285063"
"11900","0.32936382","0.32936382","0.32936382"
"11920","-0.016820336","-0.016820336","-0.016820336"
"11937","-0.04333546","-0.04333546","-0.04333546"
"11957","0.31606105","0.31606105","0.31606105"
"11977","0.41641057","0.41641057","0.41641057"
"11994","0.11136793","0.11136793","0.11136793"
"12014","0.14129375","0.14129375","0.14129375"
"12026","-0.21220285","-0.21220285","-0.21220285"
"12051","0.05136885","0.05136885","0.05136885"
"12071","0.25185916","0.25185916","0.25185916"
"12091","0.28799814","0.28799814","0.28799814"
"12108","-0.13405895","-0.13405895","-0.13405895"
"12128","-0.13045304","-0.13045304","-0.13045304"
"12140","0.22486612","0.22486612","0.22486612"
"12165","0.25444323","0.25444323","0.25444323"
"12185","0.30613136","0.30613136","0.30613136"
"12205","0.26135576","0.26135576","0.26135576"
"12222","0.6534992","0.6534992","0.6534992"
"12242","0.1110052","0.1110052","0.1110052"
"12262","-0.021436118","-0.021436118","-0.021436118"
"12279","0.5043108","0.5043108","0.5043108"
"12299","0.6051737","0.6051737","0.6051737"
"12319","0.49772438","0.49772438","0.49772438"
"12336","0.48057076","0.48057076","0.48057076"
"12356","0.7604371","0.7604371","0.7604371"
"12376","0.2975922","0.2975922","0.2975922"
"12385","0.6560179","0.6560179","0.6560179"
"12413","0.5993882","0.5993882","0.5993882"
"12425","0.30774677","0.30774677","0.30774677"
"12450","0.60686785","0.60686785","0.60686785"
"12470","0.30657455","0.30657455","0.30657455"
"12490","0.25128046","0.25128046","0.25128046"
"12499","0.3103104","0.3103104","0.3103104"
"12527","-0.6563478","-0.6563478","-0.6563478"
"12547","0.40552452","0.40552452","0.40552452"
"12564","0.24398085","0.24398085","0.24398085"
"12584","0.55015415","0.55015415","0.55015415"
"12604","0.026836993","0.026836993","0.026836993"
"12621","0.18794514","0.18794514","0.18794514"
"12641","0.31133246","0.31133246","0.31133246"
"12661","0.032710746","0.032710746","0.032710746"
"12670","0.8395818","0.8395818","0.8395818"
"12690","0.13956036","0.13956036","0.13956036"
"12718","0.037525285","0.037525285","0.037525285"
"12727","0.22958818","0.22958818","0.22958818"
"12755","0.39106178","0.39106178","0.39106178"
"12775","0.38427502","0.38427502","0.38427502"
"12792","-0.14131351","-0.14131351","-0.14131351"
"12812","0.08416255","0.08416255","0.08416255"
"12832","0.3441774","0.3441774","0.3441774"
"12841","0.3947776","0.3947776","0.3947776"
"12861","0.33632144","0.33632144","0.33632144"
"12889","0.64245856","0.64245856","0.64245856"
"12906","0.14887644","0.14887644","0.14887644"
"12926","0.47262546","0.47262546","0.47262546"
"12946","0.11310271","0.11310271","0.11310271"
"12963","0.39850968","0.39850968","0.39850968"
"12983","0.8752163","0.8752163","0.8752163"
"12995","0.71694684","0.71694684","0.71694684"
"13020","0.2455947","0.2455947","0.2455947"
"13040","0.39084285","0.39084285","0.39084285"
"13060","0.47967884","0.47967884","0.47967884"
"13077","0.6455534","0.6455534","0.6455534"
"13097","0.6883158","0.6883158","0.6883158"
"13109","0.37288907","0.37288907","0.37288907"
"13134","0.8209861","0.8209861","0.8209861"
"13146","0.30910212","0.30910212","0.30910212"
"13174","0.65623975","0.65623975","0.65623975"
"13183","0.2481356","0.2481356","0.2481356"
"13211","0.6836333","0.6836333","0.6836333"
"13231","0.681039","0.681039","0.681039"
"13240","0.24916156","0.24916156","0.24916156"
"13268","0.45594448","0.45594448","0.45594448"
"13280","0.3283445","0.3283445","0.3283445"
"13297","0.4931675","0.4931675","0.4931675"
"13317","0.12963298","0.12963298","0.12963298"
"13345","0.43488112","0.43488112","0.43488112"
"13362","0.53176016","0.53176016","0.53176016"
"13382","0.51178247","0.51178247","0.51178247"
"13402","-0.06493618","-0.06493618","-0.06493618"
"13419","0.65327644","0.65327644","0.65327644"
"13439","0.6706358","0.6706358","0.6706358"
"13459","0.568293","0.568293","0.568293"
"13476","0.52678204","0.52678204","0.52678204"
"13496","0.14873253","0.14873253","0.14873253"
"13508","0.2735565","0.2735565","0.2735565"
"13533","0.30117303","0.30117303","0.30117303"
"13553","0.5711081","0.5711081","0.5711081"
"13573","0.8257592","0.8257592","0.8257592"
"13590","0.2307723","0.2307723","0.2307723"
"13610","0.8915062","0.8915062","0.8915062"
"13622","-0.22085862","-0.22085862","-0.22085862"
"13647","0.21326545","0.21326545","0.21326545"
"13667","-0.0018004101","-0.0018004101","-0.0018004101"
"13687","-0.22986893","-0.22986893","-0.22986893"
"13704","-0.12417939","-0.12417939","-0.12417939"
"13724","0.3445399","0.3445399","0.3445399"
"13744","0.34071797","0.34071797","0.34071797"
"13761","0.71272385","0.71272385","0.71272385"
"13781","0.5699367","0.5699367","0.5699367"
"13801","0.73184496","0.73184496","0.73184496"
"13818","0.42971137","0.42971137","0.42971137"
"13838","0.3202073","0.3202073","0.3202073"
"13858","0.5544487","0.5544487","0.5544487"
"13875","0.5724974","0.5724974","0.5724974"
"13895","0.69669056","0.69669056","0.69669056"
"13915","0.037338085","0.037338085","0.037338085"
"13924","0.79953796","0.79953796","0.79953796"
"13952","0.7132217","0.7132217","0.7132217"
"13972","0.25398552","0.25398552","0.25398552"
"13989","0.4554568","0.4554568","0.4554568"
"14009","0.8168462","0.8168462","0.8168462"
"14029","0.52762246","0.52762246","0.52762246"
"14038","0.7916592","0.7916592","0.7916592"
"14058","0.95295227","0.95295227","0.95295227"
"14078","0.62285966","0.62285966","0.62285966"
"14103","0.6095732","0.6095732","0.6095732"
"14123","0.99174666","0.99174666","0.99174666"
"14143","0.3762797","0.3762797","0.3762797"
"14160","0.7438882","0.7438882","0.7438882"
"14172","0.04348239","0.04348239","0.04348239"
"14200","0.35191146","0.35191146","0.35191146"
"14217","0.46422884","0.46422884","0.46422884"
"14237","0.52652055","0.52652055","0.52652055"
"14257","0.8848508","0.8848508","0.8848508"
"14266","0.61698467","0.61698467","0.61698467"
"14294","0.40727782","0.40727782","0.40727782"
"14314","0.5547822","0.5547822","0.5547822"
"14323","0.81448567","0.81448567","0.81448567"
"14351","0.5923399","0.5923399","0.5923399"
"14371","0.7615496","0.7615496","0.7615496"
"14388","0.25754726","0.25754726","0.25754726"
"14408","0.5941426","0.5941426","0.5941426"
"14428","0.6915099","0.6915099","0.6915099"
"14445","0.3452965","0.3452965","0.3452965"
"14457","0.4532971","0.4532971","0.4532971"
"14477","0.71032906","0.71032906","0.71032906"
"14502","0.5034964","0.5034964","0.5034964"
"14522","0.6366987","0.6366987","0.6366987"
"14542","0.50576246","0.50576246","0.50576246"
"14559","1.0115085","1.0115085","1.0115085"
"14579","0.17928767","0.17928767","0.17928767"
"14599","0.7045825","0.7045825","0.7045825"
"14608","0.92225516","0.92225516","0.92225516"