"Step","Feb24_22-53-44_trpo_rover_TRPO - Reward / Total reward (mean)","Feb24_22-53-44_trpo_rover_TRPO - Reward / Total reward (mean)__MIN","Feb24_22-53-44_trpo_rover_TRPO - Reward / Total reward (mean)__MAX"
"13","-1.071441","-1.071441","-1.071441"
"34","-1.6435972","-1.6435972","-1.6435972"
"51","-1.4989182","-1.4989182","-1.4989182"
"72","-2.2024262","-2.2024262","-2.2024262"
"89","-2.3788168","-2.3788168","-2.3788168"
"110","-3.2917655","-3.2917655","-3.2917655"
"131","-3.786012","-3.786012","-3.786012"
"148","-4.28686","-4.28686","-4.28686"
"169","-5.5097685","-5.5097685","-5.5097685"
"190","-4.7056966","-4.7056966","-4.7056966"
"207","-6.215369","-6.215369","-6.215369"
"228","-5.6209335","-5.6209335","-5.6209335"
"249","-6.3647943","-6.3647943","-6.3647943"
"266","-6.841714","-6.841714","-6.841714"
"287","-5.592675","-5.592675","-5.592675"
"300","-4.597912","-4.597912","-4.597912"
"317","-7.747399","-7.747399","-7.747399"
"346","-6.6785927","-6.6785927","-6.6785927"
"367","-9.21093","-9.21093","-9.21093"
"384","-4.8619194","-4.8619194","-4.8619194"
"405","-8.884139","-8.884139","-8.884139"
"426","-2.6745675","-2.6745675","-2.6745675"
"443","-4.603698","-4.603698","-4.603698"
"464","-6.371701","-6.371701","-6.371701"
"485","-5.647593","-5.647593","-5.647593"
"502","-7.8064866","-7.8064866","-7.8064866"
"523","-5.511812","-5.511812","-5.511812"
"544","-6.369177","-6.369177","-6.369177"
"561","-7.31578","-7.31578","-7.31578"
"582","-2.9240725","-2.9240725","-2.9240725"
"603","-5.982155","-5.982155","-5.982155"
"620","-5.3223033","-5.3223033","-5.3223033"
"641","-7.696477","-7.696477","-7.696477"
"654","-5.416595","-5.416595","-5.416595"
"679","-6.1216135","-6.1216135","-6.1216135"
"700","-4.343303","-4.343303","-4.343303"
"721","-5.761108","-5.761108","-5.761108"
"738","-8.507093","-8.507093","-8.507093"
"759","-6.0848665","-6.0848665","-6.0848665"
"780","-4.5856066","-4.5856066","-4.5856066"
"797","-5.893869","-5.893869","-5.893869"
"818","-5.206949","-5.206949","-5.206949"
"839","-5.422315","-5.422315","-5.422315"
"856","-5.928152","-5.928152","-5.928152"
"877","-8.052959","-8.052959","-8.052959"
"898","-6.1160617","-6.1160617","-6.1160617"
"907","-7.9870496","-7.9870496","-7.9870496"
"936","-7.411713","-7.411713","-7.411713"
"957","-4.1784406","-4.1784406","-4.1784406"
"974","-5.755305","-5.755305","-5.755305"
"995","-6.046023","-6.046023","-6.046023"
"1008","-5.044645","-5.044645","-5.044645"
"1033","-6.4779363","-6.4779363","-6.4779363"
"1046","-6.1334248","-6.1334248","-6.1334248"
"1075","-5.904924","-5.904924","-5.904924"
"1092","-6.932194","-6.932194","-6.932194"
"1113","-6.981419","-6.981419","-6.981419"
"1134","-4.4788604","-4.4788604","-4.4788604"
"1151","-4.1375194","-4.1375194","-4.1375194"
"1164","-6.0392103","-6.0392103","-6.0392103"
"1193","-5.5417953","-5.5417953","-5.5417953"
"1210","-3.921409","-3.921409","-3.921409"
"1223","-5.8376064","-5.8376064","-5.8376064"
"1244","-5.9539647","-5.9539647","-5.9539647"
"1269","-4.8556604","-4.8556604","-4.8556604"
"1290","-6.2864065","-6.2864065","-6.2864065"
"1311","-5.968893","-5.968893","-5.968893"
"1328","-6.146542","-6.146542","-6.146542"
"1341","-4.0481663","-4.0481663","-4.0481663"
"1370","-7.452746","-7.452746","-7.452746"
"1387","-6.5141606","-6.5141606","-6.5141606"
"1408","-4.7719393","-4.7719393","-4.7719393"
"1429","-4.1123295","-4.1123295","-4.1123295"
"1446","-5.8427052","-5.8427052","-5.8427052"
"1459","-4.7816668","-4.7816668","-4.7816668"
"1488","-4.5070114","-4.5070114","-4.5070114"
"1497","-3.4770153","-3.4770153","-3.4770153"
"1526","-3.9489806","-3.9489806","-3.9489806"
"1547","-6.445994","-6.445994","-6.445994"
"1556","-4.95354","-4.95354","-4.95354"
"1585","-5.5677214","-5.5677214","-5.5677214"
"1606","-5.6331677","-5.6331677","-5.6331677"
"1623","-4.7207685","-4.7207685","-4.7207685"
"1644","-4.6711054","-4.6711054","-4.6711054"
"1665","-4.5261865","-4.5261865","-4.5261865"
"1682","-4.6931486","-4.6931486","-4.6931486"
"1695","-6.0093517","-6.0093517","-6.0093517"
"1724","-5.279593","-5.279593","-5.279593"
"1741","-4.574024","-4.574024","-4.574024"
"1762","-4.961106","-4.961106","-4.961106"
"1783","-5.773481","-5.773481","-5.773481"
"1800","-4.4602566","-4.4602566","-4.4602566"
"1821","-3.7822363","-3.7822363","-3.7822363"
"1842","-5.9200516","-5.9200516","-5.9200516"
"1859","-3.7393794","-3.7393794","-3.7393794"
"1872","-4.7659254","-4.7659254","-4.7659254"
"1901","-3.3614526","-3.3614526","-3.3614526"
"1918","-3.6092465","-3.6092465","-3.6092465"
"1931","-5.7685394","-5.7685394","-5.7685394"
"1960","-4.29889","-4.29889","-4.29889"
"1977","-3.5645015","-3.5645015","-3.5645015"
"1998","-4.0857687","-4.0857687","-4.0857687"
"2019","-5.7490854","-5.7490854","-5.7490854"
"2028","-5.5367846","-5.5367846","-5.5367846"
"2057","-4.537992","-4.537992","-4.537992"
"2078","-5.787047","-5.787047","-5.787047"
"2095","-5.046716","-5.046716","-5.046716"
"2116","-5.0783625","-5.0783625","-5.0783625"
"2137","-5.1691804","-5.1691804","-5.1691804"
"2154","-4.464864","-4.464864","-4.464864"
"2175","-4.917601","-4.917601","-4.917601"
"2196","-4.488592","-4.488592","-4.488592"
"2213","-2.5793462","-2.5793462","-2.5793462"
"2234","-4.865127","-4.865127","-4.865127"
"2255","-3.98716","-3.98716","-3.98716"
"2272","-4.818663","-4.818663","-4.818663"
"2293","-4.6051993","-4.6051993","-4.6051993"
"2314","-2.8756802","-2.8756802","-2.8756802"
"2331","-2.829216","-2.829216","-2.829216"
"2352","-3.478325","-3.478325","-3.478325"
"2373","-2.4729433","-2.4729433","-2.4729433"
"2382","-4.6404386","-4.6404386","-4.6404386"
"2411","-3.801537","-3.801537","-3.801537"
"2432","-3.7469723","-3.7469723","-3.7469723"
"2441","-4.3734717","-4.3734717","-4.3734717"
"2470","-3.9546647","-3.9546647","-3.9546647"
"2491","-3.4680784","-3.4680784","-3.4680784"
"2508","-3.4729826","-3.4729826","-3.4729826"
"2529","-4.5318255","-4.5318255","-4.5318255"
"2550","-2.7393875","-2.7393875","-2.7393875"
"2567","-3.4525757","-3.4525757","-3.4525757"
"2580","-3.1948001","-3.1948001","-3.1948001"
"2609","-4.31773","-4.31773","-4.31773"
"2626","-3.3451571","-3.3451571","-3.3451571"
"2647","-4.286181","-4.286181","-4.286181"
"2668","-3.8027425","-3.8027425","-3.8027425"
"2685","-4.32498","-4.32498","-4.32498"
"2706","-4.4385223","-4.4385223","-4.4385223"
"2727","-3.4974408","-3.4974408","-3.4974408"
"2744","-2.6239965","-2.6239965","-2.6239965"
"2765","-4.178494","-4.178494","-4.178494"
"2786","-3.722114","-3.722114","-3.722114"
"2795","-4.120444","-4.120444","-4.120444"
"2816","-3.8344986","-3.8344986","-3.8344986"
"2845","-3.4501252","-3.4501252","-3.4501252"
"2862","-4.7650013","-4.7650013","-4.7650013"
"2883","-3.4596264","-3.4596264","-3.4596264"
"2904","-2.07807","-2.07807","-2.07807"
"2921","-3.2512085","-3.2512085","-3.2512085"
"2942","-1.6584963","-1.6584963","-1.6584963"
"2963","-3.2258048","-3.2258048","-3.2258048"
"2980","-2.9514852","-2.9514852","-2.9514852"
"3001","-3.214625","-3.214625","-3.214625"
"3022","-3.7880578","-3.7880578","-3.7880578"
"3039","-3.1651993","-3.1651993","-3.1651993"
"3060","-2.7501159","-2.7501159","-2.7501159"
"3073","-2.539551","-2.539551","-2.539551"
"3098","-3.0908995","-3.0908995","-3.0908995"
"3119","-2.7449045","-2.7449045","-2.7449045"
"3132","-2.9726427","-2.9726427","-2.9726427"
"3149","-3.2701292","-3.2701292","-3.2701292"
"3178","-3.411435","-3.411435","-3.411435"
"3199","-3.4791543","-3.4791543","-3.4791543"
"3216","-3.3750825","-3.3750825","-3.3750825"
"3237","-3.0599358","-3.0599358","-3.0599358"
"3258","-3.9375174","-3.9375174","-3.9375174"
"3275","-3.1129797","-3.1129797","-3.1129797"
"3288","-2.9030316","-2.9030316","-2.9030316"
"3317","-2.5039628","-2.5039628","-2.5039628"
"3334","-2.682026","-2.682026","-2.682026"
"3355","-2.7909062","-2.7909062","-2.7909062"
"3376","-2.6011367","-2.6011367","-2.6011367"
"3397","-3.1003282","-3.1003282","-3.1003282"
"3414","-3.130143","-3.130143","-3.130143"
"3435","-3.5777755","-3.5777755","-3.5777755"
"3452","-2.929005","-2.929005","-2.929005"
"3473","-2.143067","-2.143067","-2.143067"
"3494","-2.3602483","-2.3602483","-2.3602483"
"3511","-2.5651922","-2.5651922","-2.5651922"
"3524","-3.4716766","-3.4716766","-3.4716766"
"3553","-3.0588236","-3.0588236","-3.0588236"
"3562","-2.2305121","-2.2305121","-2.2305121"
"3591","-2.7357924","-2.7357924","-2.7357924"
"3612","-3.1609008","-3.1609008","-3.1609008"
"3621","-3.041391","-3.041391","-3.041391"
"3650","-3.1817095","-3.1817095","-3.1817095"
"3663","-3.1294146","-3.1294146","-3.1294146"
"3680","-2.2582343","-2.2582343","-2.2582343"
"3709","-2.2259216","-2.2259216","-2.2259216"
"3730","-3.0360756","-3.0360756","-3.0360756"
"3747","-3.729361","-3.729361","-3.729361"
"3768","-2.518556","-2.518556","-2.518556"
"3789","-2.9794223","-2.9794223","-2.9794223"
"3806","-2.2984369","-2.2984369","-2.2984369"
"3827","-1.9170623","-1.9170623","-1.9170623"
"3840","-2.0085351","-2.0085351","-2.0085351"
"3865","-2.6956947","-2.6956947","-2.6956947"
"3886","-2.450835","-2.450835","-2.450835"
"3907","-2.6612334","-2.6612334","-2.6612334"
"3924","-3.111241","-3.111241","-3.111241"
"3937","-1.8997271","-1.8997271","-1.8997271"
"3966","-3.0397675","-3.0397675","-3.0397675"
"3983","-2.6295428","-2.6295428","-2.6295428"
"4004","-2.7920854","-2.7920854","-2.7920854"
"4025","-2.2698207","-2.2698207","-2.2698207"
"4042","-2.8264933","-2.8264933","-2.8264933"
"4063","-2.662571","-2.662571","-2.662571"
"4084","-2.523094","-2.523094","-2.523094"
"4101","-2.735614","-2.735614","-2.735614"
"4122","-2.3005977","-2.3005977","-2.3005977"
"4143","-2.4315202","-2.4315202","-2.4315202"
"4160","-2.4251723","-2.4251723","-2.4251723"
"4181","-2.3749619","-2.3749619","-2.3749619"
"4202","-2.8155978","-2.8155978","-2.8155978"
"4219","-3.150037","-3.150037","-3.150037"
"4240","-2.5564437","-2.5564437","-2.5564437"
"4261","-2.88616","-2.88616","-2.88616"
"4278","-1.9036521","-1.9036521","-1.9036521"
"4299","-2.4226313","-2.4226313","-2.4226313"
"4320","-2.3707104","-2.3707104","-2.3707104"
"4337","-2.220526","-2.220526","-2.220526"
"4358","-2.3439083","-2.3439083","-2.3439083"
"4379","-2.0343995","-2.0343995","-2.0343995"
"4396","-2.2589378","-2.2589378","-2.2589378"
"4409","-2.4183588","-2.4183588","-2.4183588"
"4438","-1.6801124","-1.6801124","-1.6801124"
"4455","-2.5341024","-2.5341024","-2.5341024"
"4476","-2.226871","-2.226871","-2.226871"
"4497","-2.4856963","-2.4856963","-2.4856963"
"4506","-2.4279926","-2.4279926","-2.4279926"
"4527","-2.0286307","-2.0286307","-2.0286307"
"4556","-2.3485518","-2.3485518","-2.3485518"
"4573","-2.3381343","-2.3381343","-2.3381343"
"4594","-2.220185","-2.220185","-2.220185"
"4607","-2.2425408","-2.2425408","-2.2425408"
"4632","-2.3268754","-2.3268754","-2.3268754"
"4653","-2.0882518","-2.0882518","-2.0882518"
"4674","-2.7033434","-2.7033434","-2.7033434"
"4683","-2.0282223","-2.0282223","-2.0282223"
"4712","-2.6900911","-2.6900911","-2.6900911"
"4733","-2.3324566","-2.3324566","-2.3324566"
"4750","-2.577836","-2.577836","-2.577836"
"4771","-2.1516652","-2.1516652","-2.1516652"
"4792","-1.9110986","-1.9110986","-1.9110986"
"4809","-2.304609","-2.304609","-2.304609"
"4830","-2.326521","-2.326521","-2.326521"
"4851","-2.2623062","-2.2623062","-2.2623062"
"4868","-2.035716","-2.035716","-2.035716"
"4889","-1.9675398","-1.9675398","-1.9675398"
"4910","-1.5338601","-1.5338601","-1.5338601"
"4927","-2.4537902","-2.4537902","-2.4537902"
"4948","-1.6649711","-1.6649711","-1.6649711"
"4969","-2.4511123","-2.4511123","-2.4511123"
"4986","-2.0512342","-2.0512342","-2.0512342"
"5007","-1.9934874","-1.9934874","-1.9934874"
"5028","-1.9102604","-1.9102604","-1.9102604"
"5045","-1.9064097","-1.9064097","-1.9064097"
"5066","-2.4065058","-2.4065058","-2.4065058"
"5087","-2.2911541","-2.2911541","-2.2911541"
"5104","-1.7130663","-1.7130663","-1.7130663"
"5125","-2.3792026","-2.3792026","-2.3792026"
"5146","-1.9363135","-1.9363135","-1.9363135"
"5163","-1.96876","-1.96876","-1.96876"
"5184","-2.3288426","-2.3288426","-2.3288426"
"5205","-2.3622723","-2.3622723","-2.3622723"
"5222","-1.7905706","-1.7905706","-1.7905706"
"5243","-2.0711381","-2.0711381","-2.0711381"
"5256","-2.0068765","-2.0068765","-2.0068765"
"5281","-2.3305602","-2.3305602","-2.3305602"
"5302","-1.8404373","-1.8404373","-1.8404373"
"5323","-1.964515","-1.964515","-1.964515"
"5340","-1.938704","-1.938704","-1.938704"
"5353","-2.1522768","-2.1522768","-2.1522768"
"5382","-1.7430865","-1.7430865","-1.7430865"
"5391","-1.5000103","-1.5000103","-1.5000103"
"5420","-1.6265336","-1.6265336","-1.6265336"
"5441","-1.4247131","-1.4247131","-1.4247131"
"5450","-1.5536813","-1.5536813","-1.5536813"
"5479","-1.9794965","-1.9794965","-1.9794965"
"5500","-1.85839","-1.85839","-1.85839"
"5517","-1.7537537","-1.7537537","-1.7537537"
"5538","-1.849388","-1.849388","-1.849388"
"5551","-1.5445638","-1.5445638","-1.5445638"
"5576","-0.93672407","-0.93672407","-0.93672407"
"5597","-1.501699","-1.501699","-1.501699"
"5618","-1.9404869","-1.9404869","-1.9404869"
"5635","-1.5803088","-1.5803088","-1.5803088"
"5656","-1.4846625","-1.4846625","-1.4846625"
"5677","-1.6797658","-1.6797658","-1.6797658"
"5694","-1.8316773","-1.8316773","-1.8316773"
"5715","-1.9135144","-1.9135144","-1.9135144"
"5736","-1.3029045","-1.3029045","-1.3029045"
"5753","-1.5003206","-1.5003206","-1.5003206"
"5774","-1.807414","-1.807414","-1.807414"
"5795","-1.6616623","-1.6616623","-1.6616623"
"5804","-1.7538254","-1.7538254","-1.7538254"
"5825","-1.9693571","-1.9693571","-1.9693571"
"5846","-1.487375","-1.487375","-1.487375"
"5871","-1.7096784","-1.7096784","-1.7096784"
"5892","-1.4909624","-1.4909624","-1.4909624"
"5913","-1.6940498","-1.6940498","-1.6940498"
"5930","-1.2690814","-1.2690814","-1.2690814"
"5951","-1.3636299","-1.3636299","-1.3636299"
"5964","-1.5902684","-1.5902684","-1.5902684"
"5981","-1.5892638","-1.5892638","-1.5892638"
"6002","-1.5620531","-1.5620531","-1.5620531"
"6031","-1.6612394","-1.6612394","-1.6612394"
"6048","-1.5844977","-1.5844977","-1.5844977"
"6069","-1.6797124","-1.6797124","-1.6797124"
"6090","-1.6006941","-1.6006941","-1.6006941"
"6099","-1.7481433","-1.7481433","-1.7481433"
"6128","-1.8728757","-1.8728757","-1.8728757"
"6149","-1.0745956","-1.0745956","-1.0745956"
"6166","-1.7053927","-1.7053927","-1.7053927"
"6187","-1.5171173","-1.5171173","-1.5171173"
"6208","-1.7392232","-1.7392232","-1.7392232"
"6225","-1.4154783","-1.4154783","-1.4154783"
"6246","-1.5160886","-1.5160886","-1.5160886"
"6267","-1.1353443","-1.1353443","-1.1353443"
"6284","-1.7057261","-1.7057261","-1.7057261"
"6305","-1.5373288","-1.5373288","-1.5373288"
"6326","-1.2324109","-1.2324109","-1.2324109"
"6343","-1.4610913","-1.4610913","-1.4610913"
"6364","-1.6457714","-1.6457714","-1.6457714"
"6385","-1.4204831","-1.4204831","-1.4204831"
"6402","-1.4552673","-1.4552673","-1.4552673"
"6415","-1.235529","-1.235529","-1.235529"
"6436","-1.4445914","-1.4445914","-1.4445914"
"6453","-1.2673445","-1.2673445","-1.2673445"
"6482","-1.4138274","-1.4138274","-1.4138274"
"6503","-1.449126","-1.449126","-1.449126"
"6512","-1.8295009","-1.8295009","-1.8295009"
"6541","-1.4363095","-1.4363095","-1.4363095"
"6554","-1.3094074","-1.3094074","-1.3094074"
"6579","-1.3968756","-1.3968756","-1.3968756"
"6600","-1.6602519","-1.6602519","-1.6602519"
"6621","-1.4637412","-1.4637412","-1.4637412"
"6638","-1.3457673","-1.3457673","-1.3457673"
"6659","-1.3125833","-1.3125833","-1.3125833"
"6680","-0.9750435","-0.9750435","-0.9750435"
"6697","-1.1608212","-1.1608212","-1.1608212"
"6718","-1.4691715","-1.4691715","-1.4691715"
"6739","-1.6981034","-1.6981034","-1.6981034"
"6756","-1.1358495","-1.1358495","-1.1358495"
"6777","-1.2568789","-1.2568789","-1.2568789"
"6790","-1.2079852","-1.2079852","-1.2079852"
"6807","-1.4243646","-1.4243646","-1.4243646"
"6836","-1.185471","-1.185471","-1.185471"
"6857","-1.3983135","-1.3983135","-1.3983135"
"6866","-1.080714","-1.080714","-1.080714"
"6895","-1.0659863","-1.0659863","-1.0659863"
"6916","-0.9992003","-0.9992003","-0.9992003"
"6933","-0.99185365","-0.99185365","-0.99185365"
"6954","-1.191409","-1.191409","-1.191409"
"6975","-1.1578981","-1.1578981","-1.1578981"
"6992","-1.0754219","-1.0754219","-1.0754219"
"7013","-1.5757093","-1.5757093","-1.5757093"
"7026","-1.1837088","-1.1837088","-1.1837088"
"7051","-1.4462812","-1.4462812","-1.4462812"
"7072","-1.1265484","-1.1265484","-1.1265484"
"7093","-1.2023121","-1.2023121","-1.2023121"
"7114","-1.3318149","-1.3318149","-1.3318149"
"7131","-1.0359558","-1.0359558","-1.0359558"
"7152","-1.1301266","-1.1301266","-1.1301266"
"7169","-1.1958699","-1.1958699","-1.1958699"
"7190","-1.0104579","-1.0104579","-1.0104579"
"7211","-1.2230622","-1.2230622","-1.2230622"
"7228","-1.0512646","-1.0512646","-1.0512646"
"7241","-1.1666455","-1.1666455","-1.1666455"
"7270","-1.0323623","-1.0323623","-1.0323623"
"7287","-1.175665","-1.175665","-1.175665"
"7308","-1.366507","-1.366507","-1.366507"
"7329","-1.1855828","-1.1855828","-1.1855828"
"7346","-1.0271683","-1.0271683","-1.0271683"
"7359","-1.0142658","-1.0142658","-1.0142658"
"7388","-1.0791821","-1.0791821","-1.0791821"
"7405","-1.2409651","-1.2409651","-1.2409651"
"7418","-1.2497349","-1.2497349","-1.2497349"
"7439","-0.9132194","-0.9132194","-0.9132194"
"7464","-0.9935636","-0.9935636","-0.9935636"
"7485","-0.92969733","-0.92969733","-0.92969733"
"7506","-1.1156343","-1.1156343","-1.1156343"
"7523","-1.2615873","-1.2615873","-1.2615873"
"7544","-1.0098809","-1.0098809","-1.0098809"
"7565","-0.92580545","-0.92580545","-0.92580545"
"7582","-1.2426906","-1.2426906","-1.2426906"
"7603","-1.0637052","-1.0637052","-1.0637052"
"7624","-1.2002047","-1.2002047","-1.2002047"
"7641","-0.87702805","-0.87702805","-0.87702805"
"7654","-1.0097578","-1.0097578","-1.0097578"
"7683","-1.4284644","-1.4284644","-1.4284644"
"7700","-0.9618672","-0.9618672","-0.9618672"
"7721","-1.0377225","-1.0377225","-1.0377225"
"7742","-0.992993","-0.992993","-0.992993"
"7751","-0.9993227","-0.9993227","-0.9993227"
"7780","-1.0524198","-1.0524198","-1.0524198"
"7801","-0.97611034","-0.97611034","-0.97611034"
"7818","-1.0780736","-1.0780736","-1.0780736"
"7831","-1.0525647","-1.0525647","-1.0525647"
"7852","-1.1816885","-1.1816885","-1.1816885"
"7877","-0.9625867","-0.9625867","-0.9625867"
"7898","-0.9586242","-0.9586242","-0.9586242"
"7919","-0.9059048","-0.9059048","-0.9059048"
"7928","-0.84827995","-0.84827995","-0.84827995"
"7949","-1.0142093","-1.0142093","-1.0142093"
"7978","-0.9672843","-0.9672843","-0.9672843"
"7995","-0.99683243","-0.99683243","-0.99683243"
"8008","-0.7491408","-0.7491408","-0.7491408"
"8029","-0.791598","-0.791598","-0.791598"
"8054","-1.1351337","-1.1351337","-1.1351337"
"8075","-0.83258945","-0.83258945","-0.83258945"
"8088","-0.8111181","-0.8111181","-0.8111181"
"8113","-0.8011334","-0.8011334","-0.8011334"
"8134","-0.8929324","-0.8929324","-0.8929324"
"8147","-1.0040823","-1.0040823","-1.0040823"
"8172","-0.8415226","-0.8415226","-0.8415226"
"8193","-0.90901506","-0.90901506","-0.90901506"
"8206","-0.8498277","-0.8498277","-0.8498277"
"8231","-1.0012244","-1.0012244","-1.0012244"
"8252","-0.9273591","-0.9273591","-0.9273591"
"8273","-0.69560707","-0.69560707","-0.69560707"
"8282","-0.6385274","-0.6385274","-0.6385274"
"8311","-0.9709411","-0.9709411","-0.9709411"
"8332","-0.95165944","-0.95165944","-0.95165944"
"8349","-0.9815829","-0.9815829","-0.9815829"
"8370","-0.7677625","-0.7677625","-0.7677625"
"8391","-0.7713247","-0.7713247","-0.7713247"
"8400","-0.74668384","-0.74668384","-0.74668384"
"8429","-0.77534884","-0.77534884","-0.77534884"
"8450","-0.9463578","-0.9463578","-0.9463578"
"8467","-0.7327284","-0.7327284","-0.7327284"
"8480","-0.85456383","-0.85456383","-0.85456383"
"8509","-0.89961416","-0.89961416","-0.89961416"
"8530","-0.85922974","-0.85922974","-0.85922974"
"8547","-0.8208572","-0.8208572","-0.8208572"
"8568","-0.8555937","-0.8555937","-0.8555937"
"8585","-0.9047401","-0.9047401","-0.9047401"
"8606","-0.7250917","-0.7250917","-0.7250917"
"8627","-0.92471105","-0.92471105","-0.92471105"
"8644","-0.7111526","-0.7111526","-0.7111526"
"8665","-0.6409176","-0.6409176","-0.6409176"
"8686","-0.69036067","-0.69036067","-0.69036067"
"8695","-0.617249","-0.617249","-0.617249"
"8716","-0.7336002","-0.7336002","-0.7336002"
"8745","-0.7676518","-0.7676518","-0.7676518"
"8762","-0.66818917","-0.66818917","-0.66818917"
"8783","-0.60732913","-0.60732913","-0.60732913"
"8804","-0.77301204","-0.77301204","-0.77301204"
"8821","-0.76411456","-0.76411456","-0.76411456"
"8842","-0.82428426","-0.82428426","-0.82428426"
"8863","-0.6937266","-0.6937266","-0.6937266"
"8880","-0.8117178","-0.8117178","-0.8117178"
"8901","-0.7722052","-0.7722052","-0.7722052"
"8914","-0.7654312","-0.7654312","-0.7654312"
"8931","-0.62184954","-0.62184954","-0.62184954"
"8960","-0.94782555","-0.94782555","-0.94782555"
"8981","-0.9543367","-0.9543367","-0.9543367"
"9002","-0.69992954","-0.69992954","-0.69992954"
"9011","-0.6521518","-0.6521518","-0.6521518"
"9040","-0.79383105","-0.79383105","-0.79383105"
"9057","-0.59605587","-0.59605587","-0.59605587"
"9078","-0.52303225","-0.52303225","-0.52303225"
"9099","-0.8655711","-0.8655711","-0.8655711"
"9116","-0.646703","-0.646703","-0.646703"
"9137","-0.3983724","-0.3983724","-0.3983724"
"9158","-0.66293097","-0.66293097","-0.66293097"
"9175","-0.56171775","-0.56171775","-0.56171775"
"9196","-0.67258203","-0.67258203","-0.67258203"
"9217","-0.7251372","-0.7251372","-0.7251372"
"9234","-0.57547945","-0.57547945","-0.57547945"
"9255","-0.6864896","-0.6864896","-0.6864896"
"9276","-0.54406327","-0.54406327","-0.54406327"
"9293","-0.75574356","-0.75574356","-0.75574356"
"9314","-0.79930705","-0.79930705","-0.79930705"
"9335","-0.72739905","-0.72739905","-0.72739905"
"9352","-0.5592088","-0.5592088","-0.5592088"
"9373","-0.50519043","-0.50519043","-0.50519043"
"9394","-0.57657695","-0.57657695","-0.57657695"
"9411","-0.83516306","-0.83516306","-0.83516306"
"9432","-0.6162892","-0.6162892","-0.6162892"
"9453","-0.6562559","-0.6562559","-0.6562559"
"9470","-0.8028227","-0.8028227","-0.8028227"
"9483","-0.77365804","-0.77365804","-0.77365804"
"9512","-0.52885485","-0.52885485","-0.52885485"
"9521","-0.79330033","-0.79330033","-0.79330033"
"9550","-0.24713135","-0.24713135","-0.24713135"
"9571","-0.54393816","-0.54393816","-0.54393816"
"9580","-0.4985724","-0.4985724","-0.4985724"
"9609","-0.45826554","-0.45826554","-0.45826554"
"9630","-0.58085793","-0.58085793","-0.58085793"
"9647","-0.50726986","-0.50726986","-0.50726986"
"9668","-0.4824244","-0.4824244","-0.4824244"
"9689","-0.5721671","-0.5721671","-0.5721671"
"9706","-0.4729978","-0.4729978","-0.4729978"
"9727","-0.5295499","-0.5295499","-0.5295499"
"9748","-0.6724343","-0.6724343","-0.6724343"
"9765","-0.6999934","-0.6999934","-0.6999934"
"9786","-0.71438885","-0.71438885","-0.71438885"
"9807","-0.60293114","-0.60293114","-0.60293114"
"9824","-0.57917845","-0.57917845","-0.57917845"
"9845","-0.41442925","-0.41442925","-0.41442925"
"9866","-0.8076117","-0.8076117","-0.8076117"
"9883","-0.5954716","-0.5954716","-0.5954716"
"9896","-0.6069752","-0.6069752","-0.6069752"
"9925","-0.4024253","-0.4024253","-0.4024253"
"9934","-0.64857143","-0.64857143","-0.64857143"
"9963","-0.4021988","-0.4021988","-0.4021988"
"9984","-0.48794466","-0.48794466","-0.48794466"
"10001","-0.51479214","-0.51479214","-0.51479214"
"10022","-0.39491716","-0.39491716","-0.39491716"
"10043","-0.45724455","-0.45724455","-0.45724455"
"10060","-0.5845597","-0.5845597","-0.5845597"
"10081","-0.35841084","-0.35841084","-0.35841084"
"10102","-0.5188682","-0.5188682","-0.5188682"
"10119","-0.39271167","-0.39271167","-0.39271167"
"10140","-0.7902003","-0.7902003","-0.7902003"
"10161","-0.47638524","-0.47638524","-0.47638524"
"10178","-0.3919398","-0.3919398","-0.3919398"
"10191","-0.3812353","-0.3812353","-0.3812353"
"10220","-0.34877107","-0.34877107","-0.34877107"
"10237","-0.464356","-0.464356","-0.464356"
"10258","-0.56857187","-0.56857187","-0.56857187"
"10271","-0.4236446","-0.4236446","-0.4236446"
"10296","-0.7881456","-0.7881456","-0.7881456"
"10309","-0.51472735","-0.51472735","-0.51472735"
"10338","-0.4178652","-0.4178652","-0.4178652"
"10347","-0.5404118","-0.5404118","-0.5404118"
"10376","-0.3763261","-0.3763261","-0.3763261"
"10397","-0.47285026","-0.47285026","-0.47285026"
"10414","-0.42037827","-0.42037827","-0.42037827"
"10435","-0.4278648","-0.4278648","-0.4278648"
"10456","-0.6524269","-0.6524269","-0.6524269"
"10473","-0.48657134","-0.48657134","-0.48657134"
"10486","-0.4921686","-0.4921686","-0.4921686"
"10507","-0.2887348","-0.2887348","-0.2887348"
"10532","-0.29689625","-0.29689625","-0.29689625"
"10553","-0.33413488","-0.33413488","-0.33413488"
"10574","-0.42948997","-0.42948997","-0.42948997"
"10591","-0.50932664","-0.50932664","-0.50932664"
"10604","-0.4959752","-0.4959752","-0.4959752"
"10633","-0.5802664","-0.5802664","-0.5802664"
"10650","-0.46748433","-0.46748433","-0.46748433"
"10671","-0.535573","-0.535573","-0.535573"
"10692","-0.2989378","-0.2989378","-0.2989378"
"10709","-0.355987","-0.355987","-0.355987"
"10730","-0.569473","-0.569473","-0.569473"
"10751","-0.24264742","-0.24264742","-0.24264742"
"10768","-0.30114833","-0.30114833","-0.30114833"
"10789","-0.2557666","-0.2557666","-0.2557666"
"10810","-0.33423826","-0.33423826","-0.33423826"
"10827","-0.667084","-0.667084","-0.667084"
"10840","-0.5498719","-0.5498719","-0.5498719"
"10869","-0.52058023","-0.52058023","-0.52058023"
"10886","-0.4512391","-0.4512391","-0.4512391"
"10907","-0.41838768","-0.41838768","-0.41838768"
"10928","-0.5350945","-0.5350945","-0.5350945"
"10945","-0.38018012","-0.38018012","-0.38018012"
"10958","-0.49441847","-0.49441847","-0.49441847"
"10987","-0.48736927","-0.48736927","-0.48736927"
"11004","-0.26809672","-0.26809672","-0.26809672"
"11025","-0.42655006","-0.42655006","-0.42655006"
"11046","-0.34969884","-0.34969884","-0.34969884"
"11055","-0.47645625","-0.47645625","-0.47645625"
"11084","-0.23125014","-0.23125014","-0.23125014"
"11105","-0.71940094","-0.71940094","-0.71940094"
"11122","-0.43558997","-0.43558997","-0.43558997"
"11143","-0.3343637","-0.3343637","-0.3343637"
"11164","-0.28335977","-0.28335977","-0.28335977"
"11181","-0.3057118","-0.3057118","-0.3057118"
"11202","-0.42202982","-0.42202982","-0.42202982"
"11223","-0.28358924","-0.28358924","-0.28358924"
"11240","-0.41467136","-0.41467136","-0.41467136"
"11261","-0.3103835","-0.3103835","-0.3103835"
"11274","-0.55064815","-0.55064815","-0.55064815"
"11299","-0.36446223","-0.36446223","-0.36446223"
"11320","-0.19965096","-0.19965096","-0.19965096"
"11341","-0.26615566","-0.26615566","-0.26615566"
"11358","-0.33210164","-0.33210164","-0.33210164"
"11371","-0.20393318","-0.20393318","-0.20393318"
"11392","-0.28382516","-0.28382516","-0.28382516"
"11417","-0.3140023","-0.3140023","-0.3140023"
"11438","-0.43922418","-0.43922418","-0.43922418"
"11459","-0.24931623","-0.24931623","-0.24931623"
"11476","-0.58735096","-0.58735096","-0.58735096"
"11497","-0.3457027","-0.3457027","-0.3457027"
"11518","-0.109657876","-0.109657876","-0.109657876"
"11535","-0.24506041","-0.24506041","-0.24506041"
"11556","-0.17899722","-0.17899722","-0.17899722"
"11577","-0.19858532","-0.19858532","-0.19858532"
"11594","-0.21261881","-0.21261881","-0.21261881"
"11607","-0.21862257","-0.21862257","-0.21862257"
"11636","-0.40242946","-0.40242946","-0.40242946"
"11653","-0.42334113","-0.42334113","-0.42334113"
"11666","-0.24681161","-0.24681161","-0.24681161"
"11695","-0.320353","-0.320353","-0.320353"
"11712","-0.5221512","-0.5221512","-0.5221512"
"11733","-0.2915877","-0.2915877","-0.2915877"
"11746","-0.3786916","-0.3786916","-0.3786916"
"11771","-0.44648486","-0.44648486","-0.44648486"
"11792","-0.31391537","-0.31391537","-0.31391537"
"11813","-0.40920287","-0.40920287","-0.40920287"
"11830","-0.5071239","-0.5071239","-0.5071239"
"11851","-0.49978644","-0.49978644","-0.49978644"
"11872","-0.1934047","-0.1934047","-0.1934047"
"11889","-0.3467228","-0.3467228","-0.3467228"
"11910","-0.22016963","-0.22016963","-0.22016963"
"11931","-0.19928063","-0.19928063","-0.19928063"
"11948","-0.5001816","-0.5001816","-0.5001816"
"11969","-0.24083576","-0.24083576","-0.24083576"
"11982","-0.404211","-0.404211","-0.404211"
"12007","-0.5473843","-0.5473843","-0.5473843"
"12028","-0.19528845","-0.19528845","-0.19528845"
"12049","-0.46599606","-0.46599606","-0.46599606"
"12066","-0.30701044","-0.30701044","-0.30701044"
"12079","-0.2809872","-0.2809872","-0.2809872"
"12108","-0.2771382","-0.2771382","-0.2771382"
"12125","-0.28077865","-0.28077865","-0.28077865"
"12146","-0.44257644","-0.44257644","-0.44257644"
"12167","-0.27227572","-0.27227572","-0.27227572"
"12176","-0.17845894","-0.17845894","-0.17845894"
"12205","-0.30689406","-0.30689406","-0.30689406"
"12226","-0.33255777","-0.33255777","-0.33255777"
"12235","-0.34878266","-0.34878266","-0.34878266"
"12264","-0.16117142","-0.16117142","-0.16117142"
"12285","-0.2684747","-0.2684747","-0.2684747"
"12302","-0.3144131","-0.3144131","-0.3144131"
"12323","-0.38277823","-0.38277823","-0.38277823"
"12344","-0.18366362","-0.18366362","-0.18366362"
"12353","-0.2220943","-0.2220943","-0.2220943"
"12382","-0.29266673","-0.29266673","-0.29266673"
"12403","-0.24890532","-0.24890532","-0.24890532"
"12420","-0.15332723","-0.15332723","-0.15332723"
"12441","-0.2795311","-0.2795311","-0.2795311"
"12462","-0.094074525","-0.094074525","-0.094074525"
"12479","-0.4113949","-0.4113949","-0.4113949"
"12500","-0.19588532","-0.19588532","-0.19588532"
"12521","-0.22348073","-0.22348073","-0.22348073"
"12530","-0.18076673","-0.18076673","-0.18076673"
"12559","-0.20648353","-0.20648353","-0.20648353"
"12580","-0.24321336","-0.24321336","-0.24321336"
"12597","-0.16300257","-0.16300257","-0.16300257"
"12610","-0.45054948","-0.45054948","-0.45054948"
"12639","-0.3287571","-0.3287571","-0.3287571"
"12656","-0.07062347","-0.07062347","-0.07062347"
"12677","-0.16003819","-0.16003819","-0.16003819"
"12698","-0.2626881","-0.2626881","-0.2626881"
"12715","-0.1254599","-0.1254599","-0.1254599"
"12736","-0.20036705","-0.20036705","-0.20036705"
"12749","-0.20905349","-0.20905349","-0.20905349"
"12774","-0.13418919","-0.13418919","-0.13418919"
"12795","-0.18197486","-0.18197486","-0.18197486"
"12816","-0.5842822","-0.5842822","-0.5842822"
"12833","-0.15737785","-0.15737785","-0.15737785"
"12846","-0.2544722","-0.2544722","-0.2544722"
"12867","-0.25625518","-0.25625518","-0.25625518"
"12892","-0.5141903","-0.5141903","-0.5141903"
"12913","-0.25614086","-0.25614086","-0.25614086"
"12934","-0.061531756","-0.061531756","-0.061531756"
"12943","-0.10763208","-0.10763208","-0.10763208"
"12972","-0.10703586","-0.10703586","-0.10703586"
"12993","-0.4144331","-0.4144331","-0.4144331"
"13010","-0.17699052","-0.17699052","-0.17699052"
"13031","-0.14039981","-0.14039981","-0.14039981"
"13052","-0.35519087","-0.35519087","-0.35519087"
"13069","-0.1299132","-0.1299132","-0.1299132"
"13090","-0.4188646","-0.4188646","-0.4188646"
"13111","-0.38994735","-0.38994735","-0.38994735"
"13128","-0.100434765","-0.100434765","-0.100434765"
"13141","-0.08557584","-0.08557584","-0.08557584"
"13170","-0.08897276","-0.08897276","-0.08897276"
"13187","-0.3199395","-0.3199395","-0.3199395"
"13208","-0.17302947","-0.17302947","-0.17302947"
"13229","-0.34513783","-0.34513783","-0.34513783"
"13246","-0.11814076","-0.11814076","-0.11814076"
"13267","-0.13495891","-0.13495891","-0.13495891"
"13288","-0.08720435","-0.08720435","-0.08720435"
"13305","-0.22413316","-0.22413316","-0.22413316"
"13326","-0.14061241","-0.14061241","-0.14061241"
"13347","-0.093469","-0.093469","-0.093469"
"13364","-0.27571326","-0.27571326","-0.27571326"
"13385","-0.2023447","-0.2023447","-0.2023447"
"13406","-0.18750243","-0.18750243","-0.18750243"
"13415","-0.08645288","-0.08645288","-0.08645288"
"13444","-0.11450873","-0.11450873","-0.11450873"
"13457","-0.15078463","-0.15078463","-0.15078463"
"13474","-0.07766056","-0.07766056","-0.07766056"
"13503","-0.28363156","-0.28363156","-0.28363156"
"13524","-0.19803058","-0.19803058","-0.19803058"
"13541","-0.07323457","-0.07323457","-0.07323457"
"13562","-0.2521926","-0.2521926","-0.2521926"
"13583","-0.08506081","-0.08506081","-0.08506081"
"13600","-0.07830618","-0.07830618","-0.07830618"
"13621","-0.09261427","-0.09261427","-0.09261427"
"13642","-0.096952006","-0.096952006","-0.096952006"
"13651","-0.040801905","-0.040801905","-0.040801905"
"13680","-0.1238323","-0.1238323","-0.1238323"
"13701","-0.2905727","-0.2905727","-0.2905727"
"13710","-0.16858284","-0.16858284","-0.16858284"
"13739","-0.1798827","-0.1798827","-0.1798827"
"13760","-0.124920025","-0.124920025","-0.124920025"
"13777","-0.5196276","-0.5196276","-0.5196276"
"13798","-0.09353708","-0.09353708","-0.09353708"
"13819","-0.1608482","-0.1608482","-0.1608482"
"13836","-0.12239561","-0.12239561","-0.12239561"
"13857","-0.45928395","-0.45928395","-0.45928395"
"13878","-0.3983557","-0.3983557","-0.3983557"
"13895","-0.27701408","-0.27701408","-0.27701408"
"13916","-0.08542242","-0.08542242","-0.08542242"
"13937","-0.39477822","-0.39477822","-0.39477822"
"13954","-0.062058512","-0.062058512","-0.062058512"
"13975","-0.18329856","-0.18329856","-0.18329856"
"13996","-0.118163325","-0.118163325","-0.118163325"
"14013","-0.07864492","-0.07864492","-0.07864492"
"14034","-0.10539592","-0.10539592","-0.10539592"
"14055","-0.06741332","-0.06741332","-0.06741332"
"14072","-0.11268008","-0.11268008","-0.11268008"
"14085","-0.1619272","-0.1619272","-0.1619272"
"14114","-0.090598956","-0.090598956","-0.090598956"
"14123","-0.055325177","-0.055325177","-0.055325177"
"14152","-0.05772358","-0.05772358","-0.05772358"
"14173","-0.11087718","-0.11087718","-0.11087718"
"14190","-0.015908727","-0.015908727","-0.015908727"
"14211","-0.12897827","-0.12897827","-0.12897827"
"14232","-0.059651904","-0.059651904","-0.059651904"
"14249","-0.09546767","-0.09546767","-0.09546767"
"14270","-0.055536345","-0.055536345","-0.055536345"
"14291","-0.076156445","-0.076156445","-0.076156445"
"14308","-0.11237779","-0.11237779","-0.11237779"
"14329","-0.0658313","-0.0658313","-0.0658313"
"14350","-0.2634881","-0.2634881","-0.2634881"
"14367","-0.07387392","-0.07387392","-0.07387392"
"14388","-0.16727804","-0.16727804","-0.16727804"
"14409","-0.05762263","-0.05762263","-0.05762263"
"14426","-0.045289796","-0.045289796","-0.045289796"
"14447","-0.20710611","-0.20710611","-0.20710611"
"14468","-0.16623534","-0.16623534","-0.16623534"
"14485","-0.21928258","-0.21928258","-0.21928258"
"14506","-0.2848182","-0.2848182","-0.2848182"
"14527","-0.15054981","-0.15054981","-0.15054981"
"14544","-0.36199564","-0.36199564","-0.36199564"
"14565","-0.33040464","-0.33040464","-0.33040464"
"14586","-0.1064026","-0.1064026","-0.1064026"
"14603","-0.16988659","-0.16988659","-0.16988659"
"14624","-0.16270098","-0.16270098","-0.16270098"